timestamp,mcpm1x0,mcpm2x5,mcpm4x0,mcpm10,mcpm2x5_aqi,mcpm10_aqi,ncpm1x0,ncpm2x5,ncpm4x0,ncpm10,latitude,longitude,serial
2025-06-10 12:15:50,1,1,1,1,4,1,12,12,12,12,-16.49776654,-68.13375393,81432433034
2025-06-10 12:30:50,1,1,1,1,4,1,11,11,11,11,-16.49776654,-68.13375393,81432433034
2025-06-10 12:45:50,3,3,3,3,13,3,27,28,28,28,-16.49776654,-68.13375393,81432433034
2025-06-10 13:00:50,1,1,1,1,4,1,12,12,12,12,-16.49776654,-68.13375393,81432433034
2025-06-10 13:15:50,1,1,1,1,4,1,13,13,13,13,-16.49776654,-68.13375393,81432433034
2025-06-10 13:30:50,1,1,1,1,4,1,11,11,11,11,-16.49776654,-68.13375393,81432433034
2025-06-10 13:45:50,1,1,1,1,4,1,11,11,11,11,-16.49776654,-68.13375393,81432433034
2025-06-10 14:00:50,1,1,1,1,4,1,11,11,11,11,-16.49776654,-68.13375393,81432433034
2025-06-10 14:15:50,2,2,2,2,8,2,14,15,15,15,-16.49776654,-68.13375393,81432433034
2025-06-10 14:30:50,2,3,3,3,13,3,24,24,24,24,-16.49776654,-68.13375393,81432433034
2025-06-10 14:45:50,1,1,1,1,4,1,9,9,9,9,-16.49776654,-68.13375393,81432433034
2025-06-10 15:00:50,1,1,1,1,4,1,10,10,10,10,-16.49776654,-68.13375393,81432433034
2025-06-10 15:15:50,1,1,1,1,4,1,9,10,10,10,-16.49776654,-68.13375393,81432433034
2025-06-10 15:30:50,1,1,1,1,4,1,14,14,14,14,-16.49776654,-68.13375393,81432433034
2025-06-10 15:45:50,1,1,1,1,4,1,10,10,10,10,-16.49776654,-68.13375393,81432433034
2025-06-10 16:00:50,1,1,1,1,4,1,13,13,13,13,-16.49776654,-68.13375393,81432433034
2025-06-10 16:15:50,1,1,1,1,4,1,11,11,11,11,-16.49776654,-68.13375393,81432433034
2025-06-10 16:30:50,1,1,1,1,4,1,10,11,11,11,-16.49776654,-68.13375393,81432433034
2025-06-10 16:45:50,1,1,1,1,4,1,14,14,14,14,-16.49776654,-68.13375393,81432433034
2025-06-10 17:00:50,1,1,1,1,4,1,12,12,12,12,-16.49776654,-68.13375393,81432433034
2025-06-10 17:15:50,1,1,1,1,4,1,13,13,13,13,-16.49776654,-68.13375393,81432433034
2025-06-10 17:30:50,2,2,2,2,8,2,17,17,17,17,-16.49776654,-68.13375393,81432433034
2025-06-10 17:45:50,2,2,2,2,8,2,19,20,20,20,-16.49776654,-68.13375393,81432433034
2025-06-10 18:00:50,2,2,2,2,8,2,22,22,22,22,-16.49776654,-68.13375393,81432433034
2025-06-10 18:15:50,2,2,2,2,8,2,22,22,22,22,-16.49776654,-68.13375393,81432433034
2025-06-10 18:30:50,2,2,2,2,8,2,23,23,23,23,-16.49776654,-68.13375393,81432433034
2025-06-10 18:45:50,2,3,3,3,13,3,25,25,25,25,-16.49776654,-68.13375393,81432433034
2025-06-10 19:00:50,2,2,2,2,8,2,23,23,23,23,-16.49776654,-68.13375393,81432433034
2025-06-10 19:15:50,3,3,3,3,13,3,28,28,28,28,-16.49776654,-68.13375393,81432433034
2025-06-10 19:30:50,3,3,3,3,13,3,28,28,28,28,-16.49776654,-68.13375393,81432433034
2025-06-10 19:45:50,6,6,6,6,25,6,59,59,59,59,-16.49776654,-68.13375393,81432433034
2025-06-10 20:00:50,4,5,5,5,21,5,46,46,46,46,-16.49776654,-68.13375393,81432433034
2025-06-10 20:15:50,3,3,3,3,13,3,32,32,32,32,-16.49776654,-68.13375393,81432433034
2025-06-10 20:30:50,3,4,4,4,17,4,35,35,35,35,-16.49776654,-68.13375393,81432433034
2025-06-10 20:45:50,3,3,3,3,13,3,30,30,30,30,-16.49776654,-68.13375393,81432433034
2025-06-10 21:00:50,2,3,3,3,13,3,25,25,25,25,-16.49776654,-68.13375393,81432433034
2025-06-10 21:15:50,4,4,4,4,17,4,42,42,42,42,-16.49776654,-68.13375393,81432433034
2025-06-10 21:30:50,5,5,5,5,21,5,53,53,53,53,-16.49776654,-68.13375393,81432433034
2025-06-10 21:45:50,3,3,3,3,13,3,34,34,34,34,-16.49776654,-68.13375393,81432433034
2025-06-10 22:00:50,3,3,3,3,13,3,32,32,32,32,-16.49776654,-68.13375393,81432433034
2025-06-10 22:15:50,3,4,4,4,17,4,37,38,38,38,-16.49776654,-68.13375393,81432433034
2025-06-10 22:30:50,4,5,5,5,21,5,47,47,47,47,-16.49776654,-68.13375393,81432433034
2025-06-10 22:45:50,4,5,5,5,21,5,46,47,47,47,-16.49776654,-68.13375393,81432433034
2025-06-10 23:00:50,4,4,4,4,17,4,39,39,39,39,-16.49776654,-68.13375393,81432433034
2025-06-10 23:15:50,4,5,5,5,21,5,46,46,46,46,-16.49776654,-68.13375393,81432433034
2025-06-10 23:30:50,4,4,5,5,17,5,44,44,44,44,-16.49776654,-68.13375393,81432433034
2025-06-10 23:45:50,3,4,4,4,17,4,36,36,36,36,-16.49776654,-68.13375393,81432433034
2025-06-11 00:00:50,4,4,4,4,17,4,44,44,44,44,-16.49776654,-68.13375393,81432433034
2025-06-11 00:15:50,4,4,4,4,17,4,45,45,45,45,-16.49776654,-68.13375393,81432433034
2025-06-11 00:30:50,5,5,5,5,21,5,53,53,53,53,-16.49776654,-68.13375393,81432433034
2025-06-11 00:45:50,5,5,5,5,21,5,52,52,52,52,-16.49776654,-68.13375393,81432433034
2025-06-11 01:00:50,4,4,4,4,17,4,44,44,44,44,-16.49776654,-68.13375393,81432433034
2025-06-11 01:15:50,3,3,3,3,13,3,32,32,32,32,-16.49776654,-68.13375393,81432433034
2025-06-11 01:30:50,2,2,2,3,8,3,24,24,24,24,-16.49776654,-68.13375393,81432433034
2025-06-11 01:45:50,2,2,2,2,8,2,20,20,20,20,-16.49776654,-68.13375393,81432433034
2025-06-11 02:00:50,2,2,2,2,8,2,18,18,18,18,-16.49776654,-68.13375393,81432433034
2025-06-11 02:15:50,2,2,2,2,8,2,18,18,18,18,-16.49776654,-68.13375393,81432433034
2025-06-11 02:30:50,2,2,2,2,8,2,16,16,16,16,-16.49776654,-68.13375393,81432433034
2025-06-11 02:45:50,1,1,1,2,4,2,14,14,14,14,-16.49776654,-68.13375393,81432433034
2025-06-11 03:00:50,1,1,2,2,4,2,14,14,14,14,-16.49776654,-68.13375393,81432433034
2025-06-11 03:15:50,1,1,1,1,4,1,14,14,14,14,-16.49776654,-68.13375393,81432433034
2025-06-11 03:30:50,1,2,2,2,8,2,16,16,16,16,-16.49776654,-68.13375393,81432433034
2025-06-11 03:45:50,1,2,2,2,8,2,15,15,15,15,-16.49776654,-68.13375393,81432433034
2025-06-11 04:00:50,1,1,2,2,4,2,15,15,15,15,-16.49776654,-68.13375393,81432433034
2025-06-11 04:15:50,1,1,2,2,4,2,15,15,15,15,-16.49776654,-68.13375393,81432433034
2025-06-11 04:30:50,2,2,2,2,8,2,18,18,18,18,-16.49776654,-68.13375393,81432433034
2025-06-11 04:45:50,1,1,1,1,4,1,14,14,14,14,-16.49776654,-68.13375393,81432433034
2025-06-11 05:00:50,1,1,2,2,4,2,15,15,15,15,-16.49776654,-68.13375393,81432433034
2025-06-11 05:15:50,2,2,2,2,8,2,18,18,18,18,-16.49776654,-68.13375393,81432433034
2025-06-11 05:30:50,2,2,2,2,8,2,20,20,20,20,-16.49776654,-68.13375393,81432433034
2025-06-11 05:45:50,1,2,2,2,8,2,16,16,16,16,-16.49776654,-68.13375393,81432433034
2025-06-11 06:00:50,2,2,2,2,8,2,18,19,19,19,-16.49776654,-68.13375393,81432433034
2025-06-11 06:15:50,2,2,2,2,8,2,21,21,21,21,-16.49776654,-68.13375393,81432433034
2025-06-11 06:30:50,2,2,2,2,8,2,18,18,18,18,-16.49776654,-68.13375393,81432433034
2025-06-11 06:45:50,2,2,2,2,8,2,20,20,20,20,-16.49776654,-68.13375393,81432433034
2025-06-11 07:00:50,2,2,2,2,8,2,18,18,18,18,-16.49776654,-68.13375393,81432433034
2025-06-11 07:15:50,2,2,2,2,8,2,19,19,19,19,-16.49776654,-68.13375393,81432433034
2025-06-11 07:30:50,2,2,2,2,8,2,22,22,22,22,-16.49776654,-68.13375393,81432433034
2025-06-11 07:45:50,3,3,3,3,13,3,29,29,29,30,-16.49776654,-68.13375393,81432433034
2025-06-11 08:00:50,3,3,3,3,13,3,32,32,32,32,-16.49776654,-68.13375393,81432433034
2025-06-11 08:15:50,3,3,3,3,13,3,32,33,33,33,-16.49776654,-68.13375393,81432433034
2025-06-11 08:30:50,3,3,3,3,13,3,27,27,27,27,-16.49776654,-68.13375393,81432433034
2025-06-11 08:45:50,2,2,2,2,8,2,20,20,20,20,-16.49776654,-68.13375393,81432433034
2025-06-11 09:00:50,4,4,4,4,17,4,36,36,36,36,-16.49776654,-68.13375393,81432433034
2025-06-11 09:15:50,3,4,4,4,17,4,33,33,33,33,-16.49776654,-68.13375393,81432433034
2025-06-11 09:30:50,3,3,3,3,13,3,29,29,29,29,-16.49776654,-68.13375393,81432433034
2025-06-11 09:45:50,2,2,2,2,8,2,22,22,22,22,-16.49776654,-68.13375393,81432433034
2025-06-11 10:00:50,2,2,2,2,8,2,22,22,22,22,-16.49776654,-68.13375393,81432433034
2025-06-11 10:15:50,2,3,3,3,13,3,23,23,23,23,-16.49776654,-68.13375393,81432433034
2025-06-11 10:30:50,1,2,2,2,8,2,14,14,14,14,-16.49776654,-68.13375393,81432433034
2025-06-17 10:37:02,5,5,5,5,21,5,44,44,44,44,-16.49776654,-68.13375393,81432433034
2025-06-17 10:52:02,8,8,8,8,33,7,75,75,75,75,-16.49776654,-68.13375393,81432433034
2025-06-17 11:07:02,5,5,5,5,21,5,45,45,45,45,-16.49776654,-68.13375393,81432433034
2025-06-17 11:22:02,4,5,5,5,21,5,41,41,41,41,-16.49776654,-68.13375393,81432433034
2025-06-17 11:37:02,4,4,4,4,17,4,38,38,38,38,-16.49776654,-68.13375393,81432433034
2025-06-17 11:52:02,4,4,4,4,17,4,40,40,40,40,-16.49776654,-68.13375393,81432433034
2025-06-17 12:07:02,4,4,4,4,17,4,34,34,34,34,-16.49776654,-68.13375393,81432433034
2025-06-17 12:22:02,5,5,5,5,21,5,45,45,45,45,-16.49776654,-68.13375393,81432433034
2025-06-17 12:37:02,5,5,5,5,21,5,46,46,46,46,-16.49776654,-68.13375393,81432433034
2025-06-17 12:52:02,6,6,6,6,25,6,51,51,51,51,-16.49776654,-68.13375393,81432433034
2025-06-17 13:07:02,6,6,6,6,25,6,52,52,52,52,-16.49776654,-68.13375393,81432433034
2025-06-17 13:22:02,6,6,6,6,25,6,56,56,56,56,-16.49776654,-68.13375393,81432433034
2025-06-17 13:37:02,6,7,7,7,29,6,58,58,58,58,-16.49776654,-68.13375393,81432433034
2025-06-17 13:52:02,6,7,7,7,29,6,59,59,59,59,-16.49776654,-68.13375393,81432433034
2025-06-17 14:07:02,5,5,5,5,21,5,48,48,48,48,-16.49776654,-68.13375393,81432433034
2025-06-17 14:22:02,4,4,4,4,17,4,39,39,39,39,-16.49776654,-68.13375393,81432433034
2025-06-17 14:37:02,4,4,4,4,17,4,39,39,39,39,-16.49776654,-68.13375393,81432433034
2025-06-17 14:52:02,3,3,3,3,13,3,28,28,28,28,-16.49776654,-68.13375393,81432433034
2025-06-17 15:07:02,2,3,3,3,13,3,24,24,24,24,-16.49776654,-68.13375393,81432433034
2025-06-17 15:22:02,2,2,2,2,8,2,21,21,21,21,-16.49776654,-68.13375393,81432433034
2025-06-17 15:37:02,2,2,2,2,8,2,19,19,19,19,-16.49776654,-68.13375393,81432433034
2025-06-17 15:52:02,2,2,2,2,8,2,21,21,21,21,-16.49776654,-68.13375393,81432433034
2025-06-17 16:07:02,2,2,2,2,8,2,20,20,20,20,-16.49776654,-68.13375393,81432433034
2025-06-17 16:22:02,2,2,2,2,8,2,21,21,21,21,-16.49776654,-68.13375393,81432433034
2025-06-17 16:37:02,2,2,2,2,8,2,18,18,18,18,-16.49776654,-68.13375393,81432433034
2025-06-17 16:52:02,2,2,2,2,8,2,16,16,16,16,-16.49776654,-68.13375393,81432433034
2025-06-17 17:07:02,2,2,2,2,8,2,16,16,17,17,-16.49776654,-68.13375393,81432433034
2025-06-17 17:22:02,2,2,2,2,8,2,17,17,17,17,-16.49776654,-68.13375393,81432433034
2025-06-17 17:37:02,2,2,2,2,8,2,21,21,21,21,-16.49776654,-68.13375393,81432433034
2025-06-17 17:52:02,2,2,2,2,8,2,22,22,22,22,-16.49776654,-68.13375393,81432433034
2025-06-17 18:07:02,4,4,4,4,17,4,38,38,38,38,-16.49776654,-68.13375393,81432433034
2025-06-17 18:22:02,3,3,3,3,13,3,27,27,27,27,-16.49776654,-68.13375393,81432433034
2025-06-17 18:37:02,2,2,2,2,8,2,19,19,19,19,-16.49776654,-68.13375393,81432433034
2025-06-17 18:52:02,2,2,2,2,8,2,18,18,18,18,-16.49776654,-68.13375393,81432433034
2025-06-17 19:07:02,4,4,4,4,17,4,41,42,42,42,-16.49776654,-68.13375393,81432433034
2025-06-17 19:22:02,2,2,2,2,8,2,23,23,23,23,-16.49776654,-68.13375393,81432433034
2025-06-17 19:37:02,2,2,2,2,8,2,18,18,18,18,-16.49776654,-68.13375393,81432433034
2025-06-17 19:52:02,2,2,2,2,8,2,23,23,23,23,-16.49776654,-68.13375393,81432433034
2025-06-17 20:07:02,2,3,3,3,13,3,25,25,25,25,-16.49776654,-68.13375393,81432433034
2025-06-17 20:22:02,2,2,2,2,8,2,20,20,20,20,-16.49776654,-68.13375393,81432433034
2025-06-17 20:37:02,2,2,2,2,8,2,22,22,22,22,-16.49776654,-68.13375393,81432433034
2025-06-17 20:52:02,2,2,2,2,8,2,18,18,18,18,-16.49776654,-68.13375393,81432433034
2025-06-17 21:07:02,4,4,4,4,17,4,40,40,40,40,-16.49776654,-68.13375393,81432433034
2025-06-17 21:22:02,2,2,2,2,8,2,22,22,22,22,-16.49776654,-68.13375393,81432433034
2025-06-17 21:37:02,2,2,2,2,8,2,16,16,16,16,-16.49776654,-68.13375393,81432433034
2025-06-17 21:52:02,2,2,2,2,8,2,18,18,18,18,-16.49776654,-68.13375393,81432433034
2025-06-17 22:07:02,2,2,2,2,8,2,18,18,18,18,-16.49776654,-68.13375393,81432433034
2025-06-17 22:22:02,1,1,1,1,4,1,13,13,13,13,-16.49776654,-68.13375393,81432433034
2025-06-17 22:37:02,1,2,2,2,8,2,16,16,16,16,-16.49776654,-68.13375393,81432433034
2025-06-17 22:52:02,1,1,1,1,4,1,8,8,8,8,-16.49776654,-68.13375393,81432433034
2025-06-17 23:07:02,0,0,0,0,0,0,4,4,4,4,-16.49776654,-68.13375393,81432433034
2025-06-17 23:22:02,0,0,0,0,0,0,3,3,3,3,-16.49776654,-68.13375393,81432433034
2025-06-17 23:37:02,0,0,0,0,0,0,2,2,2,2,-16.49776654,-68.13375393,81432433034
2025-06-17 23:52:02,1,1,1,1,4,1,8,8,8,8,-16.49776654,-68.13375393,81432433034
2025-06-18 00:07:02,0,0,0,0,0,0,5,5,5,5,-16.49776654,-68.13375393,81432433034
2025-06-18 00:22:02,1,1,1,1,4,1,6,6,6,6,-16.49776654,-68.13375393,81432433034
2025-06-18 00:37:02,1,1,1,1,4,1,6,6,6,6,-16.49776654,-68.13375393,81432433034
2025-06-18 00:52:02,1,1,1,1,4,1,6,6,6,6,-16.49776654,-68.13375393,81432433034
2025-06-18 01:07:02,1,1,1,1,4,1,6,6,6,6,-16.49776654,-68.13375393,81432433034
2025-06-18 01:22:02,1,1,1,1,4,1,9,9,9,9,-16.49776654,-68.13375393,81432433034
2025-06-18 01:37:02,1,1,1,1,4,1,12,12,12,12,-16.49776654,-68.13375393,81432433034
2025-06-18 01:52:02,1,1,1,1,4,1,12,12,12,12,-16.49776654,-68.13375393,81432433034
2025-06-18 02:07:02,1,1,1,1,4,1,12,13,13,13,-16.49776654,-68.13375393,81432433034
2025-06-18 02:22:02,1,1,1,1,4,1,14,14,14,14,-16.49776654,-68.13375393,81432433034
2025-06-18 02:37:02,1,1,1,1,4,1,13,14,14,14,-16.49776654,-68.13375393,81432433034
2025-06-18 02:52:02,2,2,2,2,8,2,17,17,17,17,-16.49776654,-68.13375393,81432433034
2025-06-18 03:07:02,1,2,2,2,8,2,15,15,15,15,-16.49776654,-68.13375393,81432433034
2025-06-18 03:22:02,1,1,1,1,4,1,14,14,14,14,-16.49776654,-68.13375393,81432433034
2025-06-18 03:37:02,2,2,2,2,8,2,16,17,17,17,-16.49776654,-68.13375393,81432433034
2025-06-18 03:52:02,2,2,2,2,8,2,18,18,18,18,-16.49776654,-68.13375393,81432433034
2025-06-18 04:07:02,2,2,2,2,8,2,20,20,20,20,-16.49776654,-68.13375393,81432433034
2025-06-18 04:22:02,2,2,2,2,8,2,22,22,22,22,-16.49776654,-68.13375393,81432433034
2025-06-18 04:37:02,2,2,2,2,8,2,16,16,16,16,-16.49776654,-68.13375393,81432433034
2025-06-18 04:52:02,2,2,2,2,8,2,17,17,17,17,-16.49776654,-68.13375393,81432433034
2025-06-18 05:07:02,2,2,2,2,8,2,19,19,19,19,-16.49776654,-68.13375393,81432433034
2025-06-18 05:22:02,2,2,2,2,8,2,21,21,21,21,-16.49776654,-68.13375393,81432433034
2025-06-18 05:37:02,2,2,2,2,8,2,23,23,23,23,-16.49776654,-68.13375393,81432433034
2025-06-18 05:52:02,2,2,2,2,8,2,21,22,22,22,-16.49776654,-68.13375393,81432433034
2025-06-18 06:07:02,2,2,2,2,8,2,23,23,23,23,-16.49776654,-68.13375393,81432433034
2025-06-18 06:22:02,2,2,2,2,8,2,24,25,25,25,-16.49776654,-68.13375393,81432433034
2025-06-18 06:37:02,2,3,3,3,13,3,26,26,26,26,-16.49776654,-68.13375393,81432433034
2025-06-18 06:52:02,3,3,3,3,13,3,30,30,30,30,-16.49776654,-68.13375393,81432433034
2025-06-18 07:07:02,3,3,3,3,13,3,31,31,31,31,-16.49776654,-68.13375393,81432433034
2025-06-18 07:22:02,5,5,5,5,21,5,55,55,55,55,-16.49776654,-68.13375393,81432433034
2025-06-18 07:37:02,4,4,4,4,17,4,38,39,39,39,-16.49776654,-68.13375393,81432433034
2025-06-18 07:52:02,5,6,6,6,25,6,58,58,58,58,-16.49776654,-68.13375393,81432433034
2025-06-18 08:07:02,5,5,5,5,21,5,48,49,49,49,-16.49776654,-68.13375393,81432433034
2025-06-18 08:22:02,5,5,5,5,21,5,51,51,51,51,-16.49776654,-68.13375393,81432433034
2025-06-18 08:37:02,5,5,5,5,21,5,46,46,46,46,-16.49776654,-68.13375393,81432433034
2025-06-18 08:52:02,4,4,4,4,17,4,35,35,35,35,-16.49776654,-68.13375393,81432433034
2025-06-18 09:07:02,4,4,4,4,17,4,35,35,35,35,-16.49776654,-68.13375393,81432433034
2025-06-18 09:22:02,3,3,3,3,13,3,29,29,29,29,-16.49776654,-68.13375393,81432433034
2025-06-18 09:37:02,4,4,4,4,17,4,35,35,35,35,-16.49776654,-68.13375393,81432433034
2025-06-18 09:52:02,4,4,4,4,17,4,41,41,41,41,-16.49776654,-68.13375393,81432433034
2025-06-18 10:07:02,4,4,4,4,17,4,40,41,41,41,-16.49776654,-68.13375393,81432433034
2025-06-18 10:22:02,4,4,4,4,17,4,40,40,40,40,-16.49776654,-68.13375393,81432433034
2025-06-18 10:37:02,4,4,4,4,17,4,42,43,43,43,-16.49776654,-68.13375393,81432433034
2025-06-18 10:52:02,5,5,5,5,21,5,47,47,47,47,-16.49776654,-68.13375393,81432433034
2025-06-18 11:07:02,4,5,5,5,21,5,43,43,43,43,-16.49776654,-68.13375393,81432433034
2025-06-18 11:22:02,5,5,5,5,21,5,49,49,49,49,-16.49776654,-68.13375393,81432433034
2025-06-18 11:37:02,5,5,5,5,21,5,49,49,49,49,-16.49776654,-68.13375393,81432433034
2025-06-18 11:52:02,7,7,7,7,29,6,66,66,66,66,-16.49776654,-68.13375393,81432433034
2025-06-18 12:07:02,7,8,8,8,33,7,69,69,69,69,-16.49776654,-68.13375393,81432433034
2025-06-18 12:22:02,7,7,7,7,29,6,64,65,65,65,-16.49776654,-68.13375393,81432433034
2025-06-18 12:37:02,7,7,7,7,29,6,61,62,62,62,-16.49776654,-68.13375393,81432433034
2025-06-18 12:52:02,6,7,7,7,29,6,59,59,59,59,-16.49776654,-68.13375393,81432433034
2025-06-18 13:07:02,8,9,9,9,38,8,78,79,79,79,-16.49776654,-68.13375393,81432433034
2025-06-18 13:22:02,8,8,8,8,33,7,75,75,75,75,-16.49776654,-68.13375393,81432433034
2025-06-18 13:37:02,8,9,9,9,38,8,78,79,79,79,-16.49776654,-68.13375393,81432433034
2025-06-18 13:52:02,8,8,8,8,33,7,73,73,73,73,-16.49776654,-68.13375393,81432433034
2025-06-18 14:07:02,8,8,8,8,33,7,77,77,77,77,-16.49776654,-68.13375393,81432433034
2025-06-18 14:22:02,7,7,7,7,29,6,64,64,64,64,-16.49776654,-68.13375393,81432433034
2025-06-18 14:37:02,5,5,5,5,21,5,45,45,45,45,-16.49776654,-68.13375393,81432433034
2025-06-18 14:52:02,3,3,3,3,13,3,25,25,25,25,-16.49776654,-68.13375393,81432433034
2025-06-18 15:07:02,3,3,3,3,13,3,25,25,25,25,-16.49776654,-68.13375393,81432433034
2025-06-18 15:22:02,2,3,3,3,13,3,24,24,24,24,-16.49776654,-68.13375393,81432433034
2025-06-18 15:37:02,4,4,4,4,17,4,35,35,35,35,-16.49776654,-68.13375393,81432433034
2025-06-18 15:52:02,3,3,3,3,13,3,30,30,30,30,-16.49776654,-68.13375393,81432433034
2025-06-18 16:07:02,4,4,4,4,17,4,39,39,39,39,-16.49776654,-68.13375393,81432433034
2025-06-18 16:22:02,4,4,4,4,17,4,35,36,36,36,-16.49776654,-68.13375393,81432433034
2025-06-18 16:37:02,3,4,4,4,17,4,34,34,34,34,-16.49776654,-68.13375393,81432433034
2025-06-18 16:52:02,5,5,5,5,21,5,52,52,52,52,-16.49776654,-68.13375393,81432433034
2025-06-18 17:07:02,3,3,3,3,13,3,30,30,30,30,-16.49776654,-68.13375393,81432433034
2025-06-18 17:22:02,2,2,2,2,8,2,24,24,24,24,-16.49776654,-68.13375393,81432433034
2025-06-18 17:37:02,2,2,2,2,8,2,24,24,24,24,-16.49776654,-68.13375393,81432433034
2025-06-18 17:52:02,2,3,3,3,13,3,24,25,25,25,-16.49776654,-68.13375393,81432433034
2025-06-18 18:07:02,3,3,3,3,13,3,27,27,27,27,-16.49776654,-68.13375393,81432433034
2025-06-18 18:22:02,3,3,3,3,13,3,30,30,30,30,-16.49776654,-68.13375393,81432433034
2025-06-18 18:37:02,3,3,3,3,13,3,33,33,33,33,-16.49776654,-68.13375393,81432433034
2025-06-18 18:52:02,3,3,3,3,13,3,32,32,32,32,-16.49776654,-68.13375393,81432433034
2025-06-18 19:07:02,4,4,4,4,17,4,37,37,37,37,-16.49776654,-68.13375393,81432433034
2025-06-18 19:22:02,2,2,2,2,8,2,21,21,21,21,-16.49776654,-68.13375393,81432433034
2025-06-18 19:37:02,2,2,2,2,8,2,23,23,23,23,-16.49776654,-68.13375393,81432433034
2025-06-18 19:52:02,3,3,3,3,13,3,30,30,30,30,-16.49776654,-68.13375393,81432433034
2025-06-18 20:07:02,3,4,4,4,17,4,35,36,36,36,-16.49776654,-68.13375393,81432433034
2025-06-18 20:22:02,3,3,3,3,13,3,28,28,28,28,-16.49776654,-68.13375393,81432433034
2025-06-18 20:37:02,2,3,3,3,13,3,25,25,25,25,-16.49776654,-68.13375393,81432433034
2025-06-18 20:52:02,3,3,3,3,13,3,27,27,27,27,-16.49776654,-68.13375393,81432433034
2025-06-18 21:07:02,3,3,3,3,13,3,27,28,28,28,-16.49776654,-68.13375393,81432433034
2025-06-18 21:22:02,4,5,5,5,21,5,47,47,47,47,-16.49776654,-68.13375393,81432433034
2025-06-18 21:37:02,3,3,3,3,13,3,30,30,30,30,-16.49776654,-68.13375393,81432433034
2025-06-18 21:52:02,2,2,2,2,8,2,24,24,24,24,-16.49776654,-68.13375393,81432433034
2025-06-18 22:07:02,2,2,2,2,8,2,23,23,23,23,-16.49776654,-68.13375393,81432433034
2025-06-18 22:22:02,3,4,4,4,17,4,35,35,35,35,-16.49776654,-68.13375393,81432433034
2025-06-18 22:37:02,2,2,2,2,8,2,22,22,22,22,-16.49776654,-68.13375393,81432433034
2025-06-18 22:52:02,2,2,2,2,8,2,19,19,19,19,-16.49776654,-68.13375393,81432433034
2025-06-18 23:07:02,2,2,2,2,8,2,21,21,21,21,-16.49776654,-68.13375393,81432433034
2025-06-18 23:22:02,2,2,2,2,8,2,21,21,21,21,-16.49776654,-68.13375393,81432433034
2025-06-18 23:37:02,3,3,3,3,13,3,29,29,29,29,-16.49776654,-68.13375393,81432433034
2025-06-18 23:52:02,2,2,2,2,8,2,21,21,21,21,-16.49776654,-68.13375393,81432433034
2025-06-19 00:07:02,2,2,2,2,8,2,16,16,16,16,-16.49776654,-68.13375393,81432433034
2025-06-19 00:22:02,2,2,2,2,8,2,17,17,17,17,-16.49776654,-68.13375393,81432433034
2025-06-19 00:37:02,1,2,2,2,8,2,15,15,15,15,-16.49776654,-68.13375393,81432433034
2025-06-19 00:52:02,1,1,1,1,4,1,14,14,14,14,-16.49776654,-68.13375393,81432433034
2025-06-19 01:07:02,1,1,1,1,4,1,14,15,15,15,-16.49776654,-68.13375393,81432433034
2025-06-19 01:22:02,2,2,2,2,8,2,18,18,18,18,-16.49776654,-68.13375393,81432433034
2025-06-19 01:37:02,2,2,2,2,8,2,22,22,22,22,-16.49776654,-68.13375393,81432433034
2025-06-19 01:52:02,2,2,2,2,8,2,22,22,22,22,-16.49776654,-68.13375393,81432433034
2025-06-19 02:07:02,2,2,2,2,8,2,21,21,21,21,-16.49776654,-68.13375393,81432433034
2025-06-19 02:22:02,2,2,2,2,8,2,23,23,23,23,-16.49776654,-68.13375393,81432433034
2025-06-19 02:37:02,2,2,2,2,8,2,20,20,20,20,-16.49776654,-68.13375393,81432433034
2025-06-19 02:52:02,2,2,2,2,8,2,17,17,17,17,-16.49776654,-68.13375393,81432433034
2025-06-19 03:07:02,2,2,2,2,8,2,17,17,17,17,-16.49776654,-68.13375393,81432433034
2025-06-19 03:22:02,1,2,2,2,8,2,15,15,15,15,-16.49776654,-68.13375393,81432433034
2025-06-19 03:37:02,1,1,1,1,4,1,13,13,13,13,-16.49776654,-68.13375393,81432433034
2025-06-19 03:52:02,1,1,1,1,4,1,13,13,13,13,-16.49776654,-68.13375393,81432433034
2025-06-19 04:07:02,1,1,1,1,4,1,14,14,14,14,-16.49776654,-68.13375393,81432433034
2025-06-19 04:22:02,1,1,1,1,4,1,14,14,14,14,-16.49776654,-68.13375393,81432433034
2025-06-19 04:37:02,1,1,1,1,4,1,14,14,14,14,-16.49776654,-68.13375393,81432433034
2025-06-19 04:52:02,1,1,1,1,4,1,13,13,13,13,-16.49776654,-68.13375393,81432433034
2025-06-19 05:07:02,1,1,1,1,4,1,14,14,14,14,-16.49776654,-68.13375393,81432433034
2025-06-19 05:22:02,2,2,2,2,8,2,16,16,16,16,-16.49776654,-68.13375393,81432433034
2025-06-19 05:37:02,2,2,2,2,8,2,19,19,19,19,-16.49776654,-68.13375393,81432433034
2025-06-19 05:52:02,3,3,3,3,13,3,31,31,31,31,-16.49776654,-68.13375393,81432433034
2025-06-19 06:07:02,4,4,4,4,17,4,41,41,41,41,-16.49776654,-68.13375393,81432433034
2025-06-19 06:22:02,3,4,4,4,17,4,38,38,38,38,-16.49776654,-68.13375393,81432433034
2025-06-19 06:37:02,3,3,3,3,13,3,33,33,33,33,-16.49776654,-68.13375393,81432433034
2025-06-19 06:52:02,3,3,3,3,13,3,34,34,34,34,-16.49776654,-68.13375393,81432433034
2025-06-19 07:07:02,4,4,4,4,17,4,43,43,43,43,-16.49776654,-68.13375393,81432433034
2025-06-19 07:22:02,4,4,4,4,17,4,46,46,46,46,-16.49776654,-68.13375393,81432433034
2025-06-19 07:37:02,4,4,4,4,17,4,42,43,43,43,-16.49776654,-68.13375393,81432433034
2025-06-19 07:52:02,4,4,4,4,17,4,46,46,46,46,-16.49776654,-68.13375393,81432433034
2025-06-19 08:07:02,4,4,4,4,17,4,45,45,45,45,-16.49776654,-68.13375393,81432433034
2025-06-19 08:22:02,4,4,4,4,17,4,41,41,41,41,-16.49776654,-68.13375393,81432433034
2025-06-19 08:37:02,4,4,4,4,17,4,35,35,35,35,-16.49776654,-68.13375393,81432433034
2025-06-19 08:52:02,3,3,3,3,13,3,32,32,32,32,-16.49776654,-68.13375393,81432433034
2025-06-19 09:07:02,3,3,3,3,13,3,31,32,32,32,-16.49776654,-68.13375393,81432433034
2025-06-19 09:22:02,2,2,2,2,8,2,22,22,22,22,-16.49776654,-68.13375393,81432433034
2025-06-19 09:37:02,2,2,2,2,8,2,15,15,15,15,-16.49776654,-68.13375393,81432433034
2025-06-19 09:52:02,2,2,2,2,8,2,16,16,16,16,-16.49776654,-68.13375393,81432433034
2025-06-19 10:07:02,2,2,2,2,8,2,19,19,19,19,-16.49776654,-68.13375393,81432433034
2025-06-19 10:22:02,2,3,3,3,13,3,23,23,23,23,-16.49776654,-68.13375393,81432433034
2025-06-19 10:37:02,3,3,3,3,13,3,26,26,26,26,-16.49776654,-68.13375393,81432433034
2025-06-19 10:52:02,3,3,3,3,13,3,29,29,29,29,-16.49776654,-68.13375393,81432433034
2025-06-19 11:07:02,4,4,4,4,17,4,35,35,35,35,-16.49776654,-68.13375393,81432433034
2025-06-19 11:22:02,4,4,4,4,17,4,37,37,37,37,-16.49776654,-68.13375393,81432433034
2025-06-19 11:37:02,4,4,4,4,17,4,39,39,39,39,-16.49776654,-68.13375393,81432433034
2025-06-19 11:52:02,4,4,4,4,17,4,39,40,40,40,-16.49776654,-68.13375393,81432433034
2025-06-19 12:07:02,5,5,5,5,21,5,47,47,47,47,-16.49776654,-68.13375393,81432433034
2025-06-19 12:22:02,5,5,5,5,21,5,47,47,47,47,-16.49776654,-68.13375393,81432433034
2025-06-19 12:37:02,5,5,5,5,21,5,49,49,49,49,-16.49776654,-68.13375393,81432433034
2025-06-19 12:52:02,6,6,6,6,25,6,56,56,56,56,-16.49776654,-68.13375393,81432433034
2025-06-19 13:07:02,5,5,5,5,21,5,46,46,46,46,-16.49776654,-68.13375393,81432433034
2025-06-19 13:22:02,5,6,6,6,25,6,51,51,51,51,-16.49776654,-68.13375393,81432433034
2025-06-19 13:37:02,5,5,5,5,21,5,46,46,46,46,-16.49776654,-68.13375393,81432433034
2025-06-19 13:52:02,5,6,6,6,25,6,51,51,51,51,-16.49776654,-68.13375393,81432433034
2025-06-19 14:07:02,5,5,5,5,21,5,48,48,48,48,-16.49776654,-68.13375393,81432433034
2025-06-19 14:22:02,5,5,5,5,21,5,46,46,46,46,-16.49776654,-68.13375393,81432433034
2025-06-19 14:37:02,4,4,4,4,17,4,37,38,38,38,-16.49776654,-68.13375393,81432433034
2025-06-19 14:52:02,4,4,4,4,17,4,35,35,35,35,-16.49776654,-68.13375393,81432433034
2025-06-19 15:07:02,3,3,3,3,13,3,25,25,25,25,-16.49776654,-68.13375393,81432433034
2025-06-19 15:22:02,2,2,2,2,8,2,22,22,22,22,-16.49776654,-68.13375393,81432433034
2025-06-19 15:37:02,2,2,2,2,8,2,21,21,21,21,-16.49776654,-68.13375393,81432433034
2025-06-19 15:52:02,2,2,2,2,8,2,18,18,18,18,-16.49776654,-68.13375393,81432433034
2025-06-19 16:07:02,2,2,2,2,8,2,17,17,17,17,-16.49776654,-68.13375393,81432433034
2025-06-19 16:22:02,2,2,2,2,8,2,16,16,16,16,-16.49776654,-68.13375393,81432433034
2025-06-19 16:37:02,2,2,2,2,8,2,17,17,17,17,-16.49776654,-68.13375393,81432433034
2025-06-19 16:52:02,1,1,1,1,4,1,13,13,13,13,-16.49776654,-68.13375393,81432433034
2025-06-19 17:07:02,1,1,1,1,4,1,13,13,13,13,-16.49776654,-68.13375393,81432433034
2025-06-19 17:22:02,1,2,2,2,8,2,15,15,15,15,-16.49776654,-68.13375393,81432433034
2025-06-19 17:37:02,1,1,1,1,4,1,14,14,14,14,-16.49776654,-68.13375393,81432433034
2025-06-19 17:52:02,2,2,2,2,8,2,17,17,17,17,-16.49776654,-68.13375393,81432433034
2025-06-19 18:07:02,2,2,2,2,8,2,16,17,17,17,-16.49776654,-68.13375393,81432433034
2025-06-19 18:22:02,2,2,2,2,8,2,19,19,19,19,-16.49776654,-68.13375393,81432433034
2025-06-19 18:37:02,2,3,3,3,13,3,25,25,25,25,-16.49776654,-68.13375393,81432433034
2025-06-19 18:52:02,2,2,2,2,8,2,20,21,21,21,-16.49776654,-68.13375393,81432433034
2025-06-19 19:07:02,2,2,2,2,8,2,18,18,18,18,-16.49776654,-68.13375393,81432433034
2025-06-19 19:22:02,2,2,2,2,8,2,21,22,22,22,-16.49776654,-68.13375393,81432433034
2025-06-19 19:37:02,3,3,3,3,13,3,28,28,28,28,-16.49776654,-68.13375393,81432433034
2025-06-19 19:52:02,2,3,3,3,13,3,26,26,26,26,-16.49776654,-68.13375393,81432433034
2025-06-19 20:07:02,3,3,3,3,13,3,31,31,31,31,-16.49776654,-68.13375393,81432433034
2025-06-19 20:22:02,5,6,6,6,25,6,56,56,56,56,-16.49776654,-68.13375393,81432433034
2025-06-19 20:37:02,3,3,3,3,13,3,27,27,28,28,-16.49776654,-68.13375393,81432433034
2025-06-19 20:52:02,2,3,3,3,13,3,26,26,26,26,-16.49776654,-68.13375393,81432433034
2025-06-19 21:07:02,2,2,2,2,8,2,18,18,18,18,-16.49776654,-68.13375393,81432433034
2025-06-19 21:22:02,1,1,1,1,4,1,13,13,13,13,-16.49776654,-68.13375393,81432433034
2025-06-19 21:37:02,1,1,1,1,4,1,12,12,12,12,-16.49776654,-68.13375393,81432433034
2025-06-19 21:52:02,1,1,1,1,4,1,11,11,11,11,-16.49776654,-68.13375393,81432433034
2025-06-19 22:07:02,1,1,1,1,4,1,10,10,10,10,-16.49776654,-68.13375393,81432433034
2025-06-19 22:22:02,1,1,1,1,4,1,14,14,14,14,-16.49776654,-68.13375393,81432433034
2025-06-19 22:37:02,2,2,2,2,8,2,17,17,17,17,-16.49776654,-68.13375393,81432433034
2025-06-19 22:52:02,2,2,2,2,8,2,20,20,20,20,-16.49776654,-68.13375393,81432433034
2025-06-19 23:07:02,2,2,2,2,8,2,17,17,17,17,-16.49776654,-68.13375393,81432433034
2025-06-19 23:22:02,2,2,2,2,8,2,19,19,19,19,-16.49776654,-68.13375393,81432433034
2025-06-19 23:37:02,2,2,2,2,8,2,17,17,17,17,-16.49776654,-68.13375393,81432433034
2025-06-19 23:52:02,1,2,2,2,8,2,15,15,15,15,-16.49776654,-68.13375393,81432433034
2025-06-20 00:07:02,1,1,1,1,4,1,13,13,13,13,-16.49776654,-68.13375393,81432433034
2025-06-20 00:22:02,1,1,1,1,4,1,14,14,14,14,-16.49776654,-68.13375393,81432433034
2025-06-20 00:37:02,1,1,1,1,4,1,10,10,10,10,-16.49776654,-68.13375393,81432433034
2025-06-20 00:52:02,1,1,1,1,4,1,12,12,12,12,-16.49776654,-68.13375393,81432433034
2025-06-20 01:07:02,1,1,1,1,4,1,12,12,12,12,-16.49776654,-68.13375393,81432433034
2025-06-20 01:22:02,1,1,1,1,4,1,12,12,12,12,-16.49776654,-68.13375393,81432433034
2025-06-20 01:37:02,2,2,2,2,8,2,22,22,22,22,-16.49776654,-68.13375393,81432433034
2025-06-20 01:52:02,2,2,2,2,8,2,17,17,17,17,-16.49776654,-68.13375393,81432433034
2025-06-20 02:07:02,2,2,2,2,8,2,19,19,19,19,-16.49776654,-68.13375393,81432433034
2025-06-20 02:22:02,2,2,2,2,8,2,17,17,17,17,-16.49776654,-68.13375393,81432433034
2025-06-20 02:37:02,1,1,1,1,4,1,15,15,15,15,-16.49776654,-68.13375393,81432433034
2025-06-20 02:52:02,1,1,1,1,4,1,14,14,14,14,-16.49776654,-68.13375393,81432433034
2025-06-20 03:07:02,1,1,1,1,4,1,12,12,12,12,-16.49776654,-68.13375393,81432433034
2025-06-20 03:22:02,1,1,1,1,4,1,11,11,11,11,-16.49776654,-68.13375393,81432433034
2025-06-20 03:37:02,1,1,1,1,4,1,12,12,12,12,-16.49776654,-68.13375393,81432433034
2025-06-20 03:52:02,1,1,1,1,4,1,13,13,13,13,-16.49776654,-68.13375393,81432433034
2025-06-20 04:07:02,1,1,1,1,4,1,14,14,14,14,-16.49776654,-68.13375393,81432433034
2025-06-20 04:22:02,1,1,1,1,4,1,15,15,15,15,-16.49776654,-68.13375393,81432433034
2025-06-20 04:37:02,2,2,2,2,8,2,16,16,16,16,-16.49776654,-68.13375393,81432433034
2025-06-20 04:52:02,2,2,2,2,8,2,16,16,16,16,-16.49776654,-68.13375393,81432433034
2025-06-20 05:07:02,2,2,2,2,8,2,18,18,18,18,-16.49776654,-68.13375393,81432433034
2025-06-20 05:22:02,2,2,2,2,8,2,19,19,19,19,-16.49776654,-68.13375393,81432433034
2025-06-20 05:37:02,2,2,2,2,8,2,19,20,20,20,-16.49776654,-68.13375393,81432433034
2025-06-20 05:52:02,2,2,2,2,8,2,24,24,24,25,-16.49776654,-68.13375393,81432433034
2025-06-20 06:07:02,2,2,2,2,8,2,25,25,25,25,-16.49776654,-68.13375393,81432433034
2025-06-20 06:22:02,2,2,2,2,8,2,25,25,25,25,-16.49776654,-68.13375393,81432433034
2025-06-20 06:37:02,3,3,3,3,13,3,29,29,29,29,-16.49776654,-68.13375393,81432433034
2025-06-20 06:52:02,3,3,3,3,13,3,31,31,31,31,-16.49776654,-68.13375393,81432433034
2025-06-20 07:07:02,4,4,4,4,17,4,40,40,40,40,-16.49776654,-68.13375393,81432433034
2025-06-20 07:22:02,4,4,4,4,17,4,41,41,41,41,-16.49776654,-68.13375393,81432433034
2025-06-20 07:37:02,3,4,4,4,17,4,36,36,36,36,-16.49776654,-68.13375393,81432433034
2025-06-20 07:52:02,4,4,4,4,17,4,37,37,37,37,-16.49776654,-68.13375393,81432433034
2025-06-20 08:07:02,4,4,4,4,17,4,39,40,40,40,-16.49776654,-68.13375393,81432433034
2025-06-20 08:22:02,3,3,3,3,13,3,32,32,32,32,-16.49776654,-68.13375393,81432433034
2025-06-20 08:37:02,5,5,5,5,21,5,44,45,45,45,-16.49776654,-68.13375393,81432433034
2025-06-20 08:52:02,3,4,4,4,17,4,34,34,34,34,-16.49776654,-68.13375393,81432433034
2025-06-20 09:07:02,4,4,4,4,17,4,35,35,35,35,-16.49776654,-68.13375393,81432433034
2025-06-20 09:22:02,3,3,3,3,13,3,32,32,32,32,-16.49776654,-68.13375393,81432433034
2025-06-20 09:37:02,3,3,3,3,13,3,28,28,28,28,-16.49776654,-68.13375393,81432433034
2025-06-20 09:52:02,3,3,3,3,13,3,27,27,27,27,-16.49776654,-68.13375393,81432433034
2025-06-20 10:07:02,2,2,2,2,8,2,21,21,21,21,-16.49776654,-68.13375393,81432433034
2025-06-20 10:22:02,2,3,3,3,13,3,23,23,23,23,-16.49776654,-68.13375393,81432433034
2025-06-20 10:37:02,2,3,3,3,13,3,23,23,23,23,-16.49776654,-68.13375393,81432433034
2025-06-20 10:52:02,2,2,2,2,8,2,18,18,18,18,-16.49776654,-68.13375393,81432433034
2025-06-20 11:07:02,1,2,2,2,8,2,13,14,14,14,-16.49776654,-68.13375393,81432433034
2025-06-20 11:22:02,2,2,2,2,8,2,17,17,17,17,-16.49776654,-68.13375393,81432433034
2025-06-20 11:37:02,2,3,3,3,13,3,23,23,23,23,-16.49776654,-68.13375393,81432433034
2025-06-20 11:52:02,2,2,2,2,8,2,19,19,19,19,-16.49776654,-68.13375393,81432433034
2025-06-20 12:07:02,2,2,2,2,8,2,20,20,20,20,-16.49776654,-68.13375393,81432433034
2025-06-20 12:22:02,2,2,2,2,8,2,19,19,19,19,-16.49776654,-68.13375393,81432433034
2025-06-20 12:37:02,2,2,2,2,8,2,20,20,20,20,-16.49776654,-68.13375393,81432433034
2025-06-20 12:52:02,2,2,2,2,8,2,14,15,15,15,-16.49776654,-68.13375393,81432433034
2025-06-20 13:07:02,2,2,2,2,8,2,17,17,17,17,-16.49776654,-68.13375393,81432433034
2025-06-20 13:22:02,2,2,2,2,8,2,16,16,16,16,-16.49776654,-68.13375393,81432433034
2025-06-20 13:37:02,2,2,2,2,8,2,20,20,20,20,-16.49776654,-68.13375393,81432433034
2025-06-20 13:52:02,2,2,2,2,8,2,15,15,15,15,-16.49776654,-68.13375393,81432433034
2025-06-20 14:07:02,2,2,2,2,8,2,16,16,16,16,-16.49776654,-68.13375393,81432433034
2025-06-20 14:22:02,2,2,2,2,8,2,16,16,16,16,-16.49776654,-68.13375393,81432433034
2025-06-20 14:37:02,2,2,2,2,8,2,15,15,15,15,-16.49776654,-68.13375393,81432433034
2025-06-20 14:52:02,1,2,2,2,8,2,14,14,14,14,-16.49776654,-68.13375393,81432433034
2025-06-20 15:07:02,1,1,1,1,4,1,9,9,9,9,-16.49776654,-68.13375393,81432433034
2025-06-20 15:22:02,1,1,1,1,4,1,7,7,7,7,-16.49776654,-68.13375393,81432433034
2025-06-20 15:37:02,1,1,1,1,4,1,8,8,8,8,-16.49776654,-68.13375393,81432433034
2025-06-20 15:52:02,1,1,1,1,4,1,8,8,8,8,-16.49776654,-68.13375393,81432433034
2025-06-20 16:07:02,1,1,1,1,4,1,8,8,8,8,-16.49776654,-68.13375393,81432433034
2025-06-20 16:22:02,1,1,1,1,4,1,7,7,7,7,-16.49776654,-68.13375393,81432433034
2025-06-20 16:37:02,1,1,1,1,4,1,13,13,13,13,-16.49776654,-68.13375393,81432433034
2025-06-20 16:52:02,1,1,1,1,4,1,10,10,10,10,-16.49776654,-68.13375393,81432433034
2025-06-20 17:15:49,1,1,1,1,4,1,10,10,10,10,-16.49776654,-68.13375393,81432433034
2025-06-20 17:30:49,1,2,2,2,8,2,14,14,14,14,-16.49776654,-68.13375393,81432433034
2025-06-20 17:45:49,2,2,2,2,8,2,18,19,19,19,-16.49776654,-68.13375393,81432433034
2025-06-20 18:00:49,3,3,3,3,13,3,25,25,25,25,-16.49776654,-68.13375393,81432433034
2025-06-20 18:15:49,5,5,5,5,21,5,46,46,46,46,-16.49776654,-68.13375393,81432433034
2025-06-20 18:30:49,2,2,3,3,8,3,23,24,24,24,-16.49776654,-68.13375393,81432433034
2025-06-20 18:45:49,2,2,2,2,8,2,22,22,22,22,-16.49776654,-68.13375393,81432433034
2025-06-20 19:00:49,3,3,3,3,13,3,26,26,26,26,-16.49776654,-68.13375393,81432433034
2025-06-20 19:15:49,4,5,5,5,21,5,44,44,44,44,-16.49776654,-68.13375393,81432433034
2025-06-20 19:30:49,4,4,4,4,17,4,37,37,37,37,-16.49776654,-68.13375393,81432433034
2025-06-20 19:45:49,18,20,20,20,68,19,192,193,193,193,-16.49776654,-68.13375393,81432433034
2025-06-20 20:00:49,3,4,4,4,17,4,36,37,37,37,-16.49776654,-68.13375393,81432433034
2025-06-20 20:15:49,4,4,4,4,17,4,42,42,42,42,-16.49776654,-68.13375393,81432433034
2025-06-20 20:30:49,5,5,5,5,21,5,53,53,53,53,-16.49776654,-68.13375393,81432433034
2025-06-20 20:45:49,5,5,5,5,21,5,52,53,53,53,-16.49776654,-68.13375393,81432433034
2025-06-20 21:00:49,3,4,4,4,17,4,36,36,36,36,-16.49776654,-68.13375393,81432433034
2025-06-20 21:15:49,3,3,3,3,13,3,27,27,27,27,-16.49776654,-68.13375393,81432433034
2025-06-20 21:30:49,2,3,3,3,13,3,26,26,26,26,-16.49776654,-68.13375393,81432433034
2025-06-20 21:45:49,3,3,3,3,13,3,29,29,29,29,-16.49776654,-68.13375393,81432433034
2025-06-20 22:00:49,8,8,8,8,33,7,81,82,82,82,-16.49776654,-68.13375393,81432433034
2025-06-20 22:15:49,4,4,5,5,17,5,43,43,43,43,-16.49776654,-68.13375393,81432433034
2025-06-20 22:30:49,5,5,5,5,21,5,47,48,48,48,-16.49776654,-68.13375393,81432433034
2025-06-20 22:45:49,5,5,5,6,21,6,53,53,54,54,-16.49776654,-68.13375393,81432433034
2025-06-20 23:00:49,5,5,5,5,21,5,49,49,49,49,-16.49776654,-68.13375393,81432433034
2025-06-20 23:15:49,5,5,5,5,21,5,51,51,51,51,-16.49776654,-68.13375393,81432433034
2025-06-20 23:30:49,4,5,5,5,21,5,47,47,47,47,-16.49776654,-68.13375393,81432433034
2025-06-20 23:45:49,4,5,5,5,21,5,46,46,46,46,-16.49776654,-68.13375393,81432433034
2025-06-21 00:00:49,2,3,3,3,13,3,27,27,27,27,-16.49776654,-68.13375393,81432433034
2025-06-21 00:15:49,2,2,2,2,8,2,21,21,21,21,-16.49776654,-68.13375393,81432433034
2025-06-21 00:30:49,1,1,2,2,4,2,15,15,15,15,-16.49776654,-68.13375393,81432433034
2025-06-21 00:45:49,1,1,1,1,4,1,12,12,12,12,-16.49776654,-68.13375393,81432433034
2025-06-21 01:00:49,1,1,1,1,4,1,11,11,11,11,-16.49776654,-68.13375393,81432433034
2025-06-21 01:15:49,1,2,2,2,8,2,15,15,15,15,-16.49776654,-68.13375393,81432433034
2025-06-21 01:30:49,1,1,1,1,4,1,9,9,9,9,-16.49776654,-68.13375393,81432433034
2025-06-21 01:45:49,1,1,1,1,4,1,8,8,8,8,-16.49776654,-68.13375393,81432433034
2025-06-21 02:00:49,1,1,1,1,4,1,8,8,8,8,-16.49776654,-68.13375393,81432433034
2025-06-21 02:15:49,1,1,1,1,4,1,7,7,7,7,-16.49776654,-68.13375393,81432433034
2025-06-21 02:30:49,1,1,1,1,4,1,9,9,9,9,-16.49776654,-68.13375393,81432433034
2025-06-21 02:45:49,1,1,1,1,4,1,8,8,8,8,-16.49776654,-68.13375393,81432433034
2025-06-21 03:00:49,1,1,1,1,4,1,9,9,9,9,-16.49776654,-68.13375393,81432433034
2025-06-21 03:15:49,1,1,1,1,4,1,10,10,10,10,-16.49776654,-68.13375393,81432433034
2025-06-21 03:30:49,1,1,1,1,4,1,8,8,8,8,-16.49776654,-68.13375393,81432433034
2025-06-21 03:45:49,1,1,1,1,4,1,9,9,9,9,-16.49776654,-68.13375393,81432433034
2025-06-21 04:00:49,1,1,1,1,4,1,8,8,8,8,-16.49776654,-68.13375393,81432433034
2025-06-21 04:15:49,1,1,1,1,4,1,8,8,8,8,-16.49776654,-68.13375393,81432433034
2025-06-21 04:30:49,1,1,1,1,4,1,8,9,9,9,-16.49776654,-68.13375393,81432433034
2025-06-21 04:45:49,1,1,1,1,4,1,8,8,8,8,-16.49776654,-68.13375393,81432433034
2025-06-21 05:00:49,1,1,1,1,4,1,9,9,9,9,-16.49776654,-68.13375393,81432433034
2025-06-21 05:15:49,1,1,1,1,4,1,11,11,11,11,-16.49776654,-68.13375393,81432433034
2025-06-21 05:30:49,1,1,1,1,4,1,12,12,12,12,-16.49776654,-68.13375393,81432433034
2025-06-21 05:45:49,1,1,1,1,4,1,10,10,10,10,-16.49776654,-68.13375393,81432433034
2025-06-21 06:00:49,1,1,1,1,4,1,11,11,11,11,-16.49776654,-68.13375393,81432433034
2025-06-21 06:15:49,1,1,1,1,4,1,12,12,12,12,-16.49776654,-68.13375393,81432433034
2025-06-21 06:30:49,1,2,2,2,8,2,15,15,15,15,-16.49776654,-68.13375393,81432433034
2025-06-21 06:45:49,2,3,3,3,13,3,26,26,26,26,-16.49776654,-68.13375393,81432433034
2025-06-21 07:00:49,3,3,3,3,13,3,27,28,28,28,-16.49776654,-68.13375393,81432433034
2025-06-21 07:15:49,2,2,2,2,8,2,22,22,22,22,-16.49776654,-68.13375393,81432433034
2025-06-21 07:30:49,2,2,2,2,8,2,23,23,23,23,-16.49776654,-68.13375393,81432433034
2025-06-21 07:45:49,2,2,2,2,8,2,20,20,20,20,-16.49776654,-68.13375393,81432433034
2025-06-21 08:00:49,2,2,2,2,8,2,23,23,23,23,-16.49776654,-68.13375393,81432433034
2025-06-21 08:15:49,2,2,2,2,8,2,21,21,21,21,-16.49776654,-68.13375393,81432433034
2025-06-21 08:30:49,2,2,2,2,8,2,19,19,19,19,-16.49776654,-68.13375393,81432433034
2025-06-21 08:45:49,2,2,2,2,8,2,16,16,16,16,-16.49776654,-68.13375393,81432433034
2025-06-21 09:00:49,2,2,2,2,8,2,19,19,19,19,-16.49776654,-68.13375393,81432433034
2025-06-21 09:15:49,3,3,3,3,13,3,26,26,26,26,-16.49776654,-68.13375393,81432433034
2025-06-21 09:30:49,2,2,2,2,8,2,16,16,16,16,-16.49776654,-68.13375393,81432433034
2025-06-21 09:45:49,1,2,2,2,8,2,13,13,13,13,-16.49776654,-68.13375393,81432433034
2025-06-21 10:00:49,1,1,1,1,4,1,13,13,13,13,-16.49776654,-68.13375393,81432433034
2025-06-21 10:15:49,2,3,3,3,13,3,21,22,22,22,-16.49776654,-68.13375393,81432433034
2025-06-21 10:30:49,2,2,2,2,8,2,17,17,17,17,-16.49776654,-68.13375393,81432433034
2025-06-21 10:45:49,2,2,2,2,8,2,15,15,15,15,-16.49776654,-68.13375393,81432433034
2025-06-21 11:00:49,2,2,2,2,8,2,15,15,15,15,-16.49776654,-68.13375393,81432433034
2025-06-21 11:15:49,1,1,1,1,4,1,12,12,12,12,-16.49776654,-68.13375393,81432433034
2025-06-21 11:30:49,2,2,2,2,8,2,14,14,14,14,-16.49776654,-68.13375393,81432433034
2025-06-21 11:45:49,1,1,1,1,4,1,10,10,10,10,-16.49776654,-68.13375393,81432433034
2025-06-21 12:00:49,1,1,1,1,4,1,11,11,11,11,-16.49776654,-68.13375393,81432433034
2025-06-21 12:15:49,1,1,1,1,4,1,6,6,6,6,-16.49776654,-68.13375393,81432433034
2025-06-21 12:30:49,1,1,1,1,4,1,6,7,7,7,-16.49776654,-68.13375393,81432433034
2025-06-21 12:45:49,1,1,1,1,4,1,7,7,7,7,-16.49776654,-68.13375393,81432433034
2025-06-21 13:00:49,1,1,1,1,4,1,7,7,7,7,-16.49776654,-68.13375393,81432433034
2025-06-21 13:15:49,1,1,1,1,4,1,7,7,7,7,-16.49776654,-68.13375393,81432433034
2025-06-21 13:30:49,1,1,1,1,4,1,6,6,6,6,-16.49776654,-68.13375393,81432433034
2025-06-21 13:45:49,1,1,1,1,4,1,7,7,7,7,-16.49776654,-68.13375393,81432433034
2025-06-21 14:00:49,1,1,1,1,4,1,6,6,6,6,-16.49776654,-68.13375393,81432433034
2025-06-21 14:15:49,1,1,1,1,4,1,7,7,7,7,-16.49776654,-68.13375393,81432433034
2025-06-21 14:30:49,1,1,1,1,4,1,7,7,7,7,-16.49776654,-68.13375393,81432433034
2025-06-21 14:45:49,1,1,1,1,4,1,5,5,5,5,-16.49776654,-68.13375393,81432433034
2025-06-21 15:00:49,1,1,1,1,4,1,6,6,6,6,-16.49776654,-68.13375393,81432433034
2025-06-21 15:15:49,1,1,1,1,4,1,5,5,5,5,-16.49776654,-68.13375393,81432433034
2025-06-21 15:30:49,0,0,0,0,0,0,4,4,4,4,-16.49776654,-68.13375393,81432433034
2025-06-21 15:45:49,0,1,1,1,4,1,5,5,5,5,-16.49776654,-68.13375393,81432433034
2025-06-21 16:00:49,1,1,1,1,4,1,6,6,6,6,-16.49776654,-68.13375393,81432433034
2025-06-21 16:15:49,1,1,1,1,4,1,6,6,6,6,-16.49776654,-68.13375393,81432433034
2025-06-21 16:30:49,0,1,1,1,4,1,5,5,5,5,-16.49776654,-68.13375393,81432433034
2025-06-21 16:45:49,1,1,1,1,4,1,5,5,5,5,-16.49776654,-68.13375393,81432433034
2025-06-21 17:00:49,1,1,1,1,4,1,8,8,8,8,-16.49776654,-68.13375393,81432433034
2025-06-21 17:15:49,1,1,1,1,4,1,9,9,9,9,-16.49776654,-68.13375393,81432433034
2025-06-21 17:30:49,1,1,1,1,4,1,12,12,12,12,-16.49776654,-68.13375393,81432433034
2025-06-21 17:45:49,2,2,2,2,8,2,15,15,15,15,-16.49776654,-68.13375393,81432433034
2025-06-21 18:00:49,2,2,2,2,8,2,16,16,16,16,-16.49776654,-68.13375393,81432433034
2025-06-21 18:15:49,2,2,2,2,8,2,18,18,18,18,-16.49776654,-68.13375393,81432433034
2025-06-21 18:30:49,2,2,2,2,8,2,16,17,17,17,-16.49776654,-68.13375393,81432433034
2025-06-21 18:45:49,2,2,2,2,8,2,20,20,20,20,-16.49776654,-68.13375393,81432433034
2025-06-21 19:00:49,2,3,3,3,13,3,25,25,25,25,-16.49776654,-68.13375393,81432433034
2025-06-21 19:15:49,3,3,3,3,13,3,31,31,31,31,-16.49776654,-68.13375393,81432433034
2025-06-21 19:30:49,4,4,4,4,17,4,36,37,37,37,-16.49776654,-68.13375393,81432433034
2025-06-21 19:45:49,3,3,3,3,13,3,28,28,28,28,-16.49776654,-68.13375393,81432433034
2025-06-21 20:00:49,5,5,5,6,21,6,52,52,52,52,-16.49776654,-68.13375393,81432433034
2025-06-21 20:15:49,2,2,2,2,8,2,21,21,21,21,-16.49776654,-68.13375393,81432433034
2025-06-21 20:30:49,3,3,3,3,13,3,27,27,27,27,-16.49776654,-68.13375393,81432433034
2025-06-21 20:45:49,3,3,3,3,13,3,28,28,28,28,-16.49776654,-68.13375393,81432433034
2025-06-21 21:00:49,3,3,3,3,13,3,27,27,27,27,-16.49776654,-68.13375393,81432433034
2025-06-21 21:15:49,8,8,8,8,33,7,79,79,79,80,-16.49776654,-68.13375393,81432433034
2025-06-21 21:30:49,3,4,4,4,17,4,34,34,34,34,-16.49776654,-68.13375393,81432433034
2025-06-21 21:45:49,3,3,3,3,13,3,33,33,33,33,-16.49776654,-68.13375393,81432433034
2025-06-21 22:00:49,2,3,3,3,13,3,26,26,26,26,-16.49776654,-68.13375393,81432433034
2025-06-21 22:15:49,2,2,3,3,8,3,24,24,24,24,-16.49776654,-68.13375393,81432433034
2025-06-21 22:30:49,6,6,6,6,25,6,60,61,61,61,-16.49776654,-68.13375393,81432433034
2025-06-21 22:45:49,4,4,4,4,17,4,39,39,39,39,-16.49776654,-68.13375393,81432433034
2025-06-21 23:00:49,2,2,2,2,8,2,18,18,18,18,-16.49776654,-68.13375393,81432433034
2025-06-21 23:15:49,2,2,2,2,8,2,19,19,19,19,-16.49776654,-68.13375393,81432433034
2025-06-21 23:30:49,1,1,1,1,4,1,14,14,14,14,-16.49776654,-68.13375393,81432433034
2025-06-21 23:45:49,1,1,1,1,4,1,13,13,13,13,-16.49776654,-68.13375393,81432433034
2025-06-22 00:00:49,1,1,1,1,4,1,11,11,11,11,-16.49776654,-68.13375393,81432433034
2025-06-22 00:15:49,1,1,1,1,4,1,14,14,14,14,-16.49776654,-68.13375393,81432433034
2025-06-22 00:30:49,1,1,1,1,4,1,11,12,12,12,-16.49776654,-68.13375393,81432433034
2025-06-22 00:45:49,1,1,1,1,4,1,12,12,12,12,-16.49776654,-68.13375393,81432433034
2025-06-22 01:00:49,1,1,1,1,4,1,13,13,13,13,-16.49776654,-68.13375393,81432433034
2025-06-22 01:15:49,1,1,1,1,4,1,12,12,12,12,-16.49776654,-68.13375393,81432433034
2025-06-22 01:30:49,1,1,1,1,4,1,11,11,11,11,-16.49776654,-68.13375393,81432433034
2025-06-22 01:45:49,1,1,1,1,4,1,11,11,11,11,-16.49776654,-68.13375393,81432433034
2025-06-22 02:00:49,2,2,2,2,8,2,17,17,17,17,-16.49776654,-68.13375393,81432433034
2025-06-22 02:15:49,2,2,2,2,8,2,21,21,21,21,-16.49776654,-68.13375393,81432433034
2025-06-22 02:30:49,3,3,3,3,13,3,29,29,29,29,-16.49776654,-68.13375393,81432433034
2025-06-22 02:45:49,4,4,4,5,17,5,39,39,40,40,-16.49776654,-68.13375393,81432433034
2025-06-22 03:00:49,3,3,3,3,13,3,33,34,34,34,-16.49776654,-68.13375393,81432433034
2025-06-22 03:15:49,3,3,3,3,13,3,32,32,32,32,-16.49776654,-68.13375393,81432433034
2025-06-22 03:30:49,2,3,3,3,13,3,27,27,27,27,-16.49776654,-68.13375393,81432433034
2025-06-22 03:45:49,2,2,2,2,8,2,21,21,21,21,-16.49776654,-68.13375393,81432433034
2025-06-22 04:00:49,2,2,2,2,8,2,20,20,20,20,-16.49776654,-68.13375393,81432433034
2025-06-22 04:15:49,2,2,2,2,8,2,22,22,22,22,-16.49776654,-68.13375393,81432433034
2025-06-22 04:30:49,2,2,2,2,8,2,23,23,23,23,-16.49776654,-68.13375393,81432433034
2025-06-22 04:45:49,2,2,2,2,8,2,20,21,21,21,-16.49776654,-68.13375393,81432433034
2025-06-22 05:00:49,2,2,2,2,8,2,23,23,23,23,-16.49776654,-68.13375393,81432433034
2025-06-22 05:15:49,2,2,2,2,8,2,22,22,22,22,-16.49776654,-68.13375393,81432433034
2025-06-22 05:30:49,2,3,3,3,13,3,26,26,26,26,-16.49776654,-68.13375393,81432433034
2025-06-22 05:45:49,2,2,2,2,8,2,24,24,24,24,-16.49776654,-68.13375393,81432433034
2025-06-22 06:00:49,2,2,2,2,8,2,20,21,21,21,-16.49776654,-68.13375393,81432433034
2025-06-22 06:15:49,3,3,3,3,13,3,28,28,28,28,-16.49776654,-68.13375393,81432433034
2025-06-22 06:30:49,2,2,2,2,8,2,23,23,23,23,-16.49776654,-68.13375393,81432433034
2025-06-22 06:45:49,3,3,3,3,13,3,32,32,32,32,-16.49776654,-68.13375393,81432433034
2025-06-22 07:00:49,3,4,4,4,17,4,38,38,38,38,-16.49776654,-68.13375393,81432433034
2025-06-22 07:15:49,4,5,5,5,21,5,49,49,49,49,-16.49776654,-68.13375393,81432433034
2025-06-22 07:30:49,4,4,4,4,17,4,47,47,47,47,-16.49776654,-68.13375393,81432433034
2025-06-22 07:45:49,3,3,3,3,13,3,29,29,29,29,-16.49776654,-68.13375393,81432433034
2025-06-22 08:00:49,5,5,5,5,21,5,50,50,50,50,-16.49776654,-68.13375393,81432433034
2025-06-22 08:15:49,3,4,4,4,17,4,36,36,36,36,-16.49776654,-68.13375393,81432433034
2025-06-22 08:30:49,2,2,2,2,8,2,16,16,16,16,-16.49776654,-68.13375393,81432433034
2025-06-22 08:45:49,4,5,5,5,21,5,44,45,45,45,-16.49776654,-68.13375393,81432433034
2025-06-22 09:00:49,6,6,6,6,25,6,54,55,55,55,-16.49776654,-68.13375393,81432433034
2025-06-22 09:15:49,2,2,2,2,8,2,15,16,16,16,-16.49776654,-68.13375393,81432433034
2025-06-22 09:30:49,2,2,2,2,8,2,15,15,15,15,-16.49776654,-68.13375393,81432433034
2025-06-22 09:45:49,2,2,2,2,8,2,17,17,17,17,-16.49776654,-68.13375393,81432433034
2025-06-22 10:00:49,2,2,2,2,8,2,14,15,15,15,-16.49776654,-68.13375393,81432433034
2025-06-22 10:15:49,1,2,2,2,8,2,13,13,13,13,-16.49776654,-68.13375393,81432433034
2025-06-22 10:30:49,1,2,2,2,8,2,14,14,14,14,-16.49776654,-68.13375393,81432433034
2025-06-22 10:45:49,1,1,2,2,4,2,12,13,13,13,-16.49776654,-68.13375393,81432433034
2025-06-22 11:00:49,2,2,2,2,8,2,14,14,14,14,-16.49776654,-68.13375393,81432433034
2025-06-22 11:15:49,2,2,2,2,8,2,14,14,14,14,-16.49776654,-68.13375393,81432433034
2025-06-22 11:30:49,2,2,2,2,8,2,13,13,13,13,-16.49776654,-68.13375393,81432433034
2025-06-22 11:45:49,2,2,2,2,8,2,16,16,16,16,-16.49776654,-68.13375393,81432433034
2025-06-22 12:00:49,1,1,1,1,4,1,11,11,11,11,-16.49776654,-68.13375393,81432433034
2025-06-22 12:15:49,1,1,1,1,4,1,8,8,8,8,-16.49776654,-68.13375393,81432433034
2025-06-22 12:30:49,1,1,1,1,4,1,9,9,9,9,-16.49776654,-68.13375393,81432433034
2025-06-22 12:45:49,1,1,1,1,4,1,7,7,7,7,-16.49776654,-68.13375393,81432433034
2025-06-22 13:00:49,1,1,1,1,4,1,10,10,10,10,-16.49776654,-68.13375393,81432433034
2025-06-22 13:15:49,1,1,1,1,4,1,7,7,7,7,-16.49776654,-68.13375393,81432433034
2025-06-22 13:30:49,1,1,1,1,4,1,6,6,6,6,-16.49776654,-68.13375393,81432433034
2025-06-22 13:45:49,1,1,1,1,4,1,7,7,7,7,-16.49776654,-68.13375393,81432433034
2025-06-22 14:00:49,1,1,1,1,4,1,10,10,10,10,-16.49776654,-68.13375393,81432433034
2025-06-22 14:15:49,1,1,1,1,4,1,8,8,8,8,-16.49776654,-68.13375393,81432433034
2025-06-22 14:30:49,1,1,1,1,4,1,12,12,12,12,-16.49776654,-68.13375393,81432433034
2025-06-22 14:45:49,1,1,1,1,4,1,7,7,7,7,-16.49776654,-68.13375393,81432433034
2025-06-22 15:00:49,1,1,1,1,4,1,6,6,6,6,-16.49776654,-68.13375393,81432433034
2025-06-22 15:15:49,1,1,1,1,4,1,6,6,6,6,-16.49776654,-68.13375393,81432433034
2025-06-22 15:30:49,1,1,1,1,4,1,7,7,7,7,-16.49776654,-68.13375393,81432433034
2025-06-22 15:45:49,1,1,1,1,4,1,5,5,5,5,-16.49776654,-68.13375393,81432433034
2025-06-22 16:00:49,1,1,1,1,4,1,7,7,7,7,-16.49776654,-68.13375393,81432433034
2025-06-22 16:15:49,1,1,1,1,4,1,5,5,5,5,-16.49776654,-68.13375393,81432433034
2025-06-22 16:30:49,0,1,1,1,4,1,4,5,5,5,-16.49776654,-68.13375393,81432433034
2025-06-22 16:45:49,1,1,1,1,4,1,7,7,7,7,-16.49776654,-68.13375393,81432433034
2025-06-22 17:00:49,1,1,1,1,4,1,10,10,10,10,-16.49776654,-68.13375393,81432433034
2025-06-22 17:15:49,1,1,1,1,4,1,11,11,11,11,-16.49776654,-68.13375393,81432433034
2025-06-22 17:30:49,3,3,3,3,13,3,26,26,26,26,-16.49776654,-68.13375393,81432433034
2025-06-22 17:45:49,2,2,2,2,8,2,16,16,16,16,-16.49776654,-68.13375393,81432433034
2025-06-22 18:00:49,1,1,1,1,4,1,14,14,14,14,-16.49776654,-68.13375393,81432433034
2025-06-22 18:15:49,2,2,2,2,8,2,18,18,18,18,-16.49776654,-68.13375393,81432433034
2025-06-22 18:30:49,2,2,3,3,8,3,23,23,23,23,-16.49776654,-68.13375393,81432433034
2025-06-22 18:45:49,3,3,3,3,13,3,26,26,26,26,-16.49776654,-68.13375393,81432433034
2025-06-22 19:00:49,3,3,3,3,13,3,26,27,27,27,-16.49776654,-68.13375393,81432433034
2025-06-22 19:15:49,3,3,3,3,13,3,27,27,27,27,-16.49776654,-68.13375393,81432433034
2025-06-22 19:30:49,3,3,3,3,13,3,29,29,29,29,-16.49776654,-68.13375393,81432433034
2025-06-22 19:45:49,3,3,3,3,13,3,31,32,32,32,-16.49776654,-68.13375393,81432433034
2025-06-22 20:00:49,3,3,3,3,13,3,30,30,30,30,-16.49776654,-68.13375393,81432433034
2025-06-22 20:15:49,4,4,4,4,17,4,43,43,43,43,-16.49776654,-68.13375393,81432433034
2025-06-22 20:30:49,4,4,4,4,17,4,40,40,40,40,-16.49776654,-68.13375393,81432433034
2025-06-22 20:45:49,3,3,3,3,13,3,31,31,31,31,-16.49776654,-68.13375393,81432433034
2025-06-22 21:00:49,3,3,3,3,13,3,28,29,29,29,-16.49776654,-68.13375393,81432433034
2025-06-22 21:15:49,3,3,3,3,13,3,27,27,27,27,-16.49776654,-68.13375393,81432433034
2025-06-22 21:30:49,2,3,3,3,13,3,26,26,26,26,-16.49776654,-68.13375393,81432433034
2025-06-22 21:45:49,2,2,2,2,8,2,18,19,19,19,-16.49776654,-68.13375393,81432433034
2025-06-22 22:00:49,2,2,2,2,8,2,17,17,18,18,-16.49776654,-68.13375393,81432433034
2025-06-22 22:15:49,2,2,2,2,8,2,18,18,18,18,-16.49776654,-68.13375393,81432433034
2025-06-22 22:30:49,2,2,2,2,8,2,21,21,21,21,-16.49776654,-68.13375393,81432433034
2025-06-22 22:45:49,1,2,2,2,8,2,14,14,15,15,-16.49776654,-68.13375393,81432433034
2025-06-22 23:00:49,1,2,2,2,8,2,13,14,14,14,-16.49776654,-68.13375393,81432433034
2025-06-22 23:15:49,1,1,2,2,4,2,12,13,13,13,-16.49776654,-68.13375393,81432433034
2025-06-22 23:30:49,1,2,2,2,8,2,13,14,14,14,-16.49776654,-68.13375393,81432433034
2025-06-22 23:45:49,1,1,2,2,4,2,12,12,12,12,-16.49776654,-68.13375393,81432433034
2025-06-23 00:00:49,1,1,1,1,4,1,10,10,10,10,-16.49776654,-68.13375393,81432433034
2025-06-23 00:15:49,1,1,1,2,4,2,9,10,10,10,-16.49776654,-68.13375393,81432433034
2025-06-23 00:30:49,1,1,2,2,4,2,13,13,13,13,-16.49776654,-68.13375393,81432433034
2025-06-23 00:45:49,1,1,1,1,4,1,12,12,12,12,-16.49776654,-68.13375393,81432433034
2025-06-23 01:00:49,1,1,1,1,4,1,9,9,9,9,-16.49776654,-68.13375393,81432433034
2025-06-23 01:15:49,1,1,1,1,4,1,12,13,13,13,-16.49776654,-68.13375393,81432433034
2025-06-23 01:30:49,1,1,1,1,4,1,14,14,14,14,-16.49776654,-68.13375393,81432433034
2025-06-23 01:45:49,1,1,2,2,4,2,14,14,14,14,-16.49776654,-68.13375393,81432433034
2025-06-23 02:00:49,1,2,2,2,8,2,16,16,16,16,-16.49776654,-68.13375393,81432433034
2025-06-23 02:15:49,2,2,2,2,8,2,17,17,17,17,-16.49776654,-68.13375393,81432433034
2025-06-23 02:30:49,2,2,2,2,8,2,19,19,19,19,-16.49776654,-68.13375393,81432433034
2025-06-23 02:45:49,1,1,2,2,4,2,15,15,15,15,-16.49776654,-68.13375393,81432433034
2025-06-23 03:00:49,2,2,2,2,8,2,17,17,17,17,-16.49776654,-68.13375393,81432433034
2025-06-23 03:15:49,2,2,2,2,8,2,17,17,17,17,-16.49776654,-68.13375393,81432433034
2025-06-23 03:30:49,1,1,1,1,4,1,13,13,13,13,-16.49776654,-68.13375393,81432433034
2025-06-23 03:45:49,1,1,1,1,4,1,14,14,14,14,-16.49776654,-68.13375393,81432433034
2025-06-23 04:00:49,1,1,1,1,4,1,15,15,15,15,-16.49776654,-68.13375393,81432433034
2025-06-23 04:15:49,1,2,2,2,8,2,16,16,16,16,-16.49776654,-68.13375393,81432433034
2025-06-23 04:30:49,2,2,2,2,8,2,21,21,21,21,-16.49776654,-68.13375393,81432433034
2025-06-23 04:45:49,2,2,2,2,8,2,20,20,20,20,-16.49776654,-68.13375393,81432433034
2025-06-23 05:00:49,2,2,2,2,8,2,18,18,18,18,-16.49776654,-68.13375393,81432433034
2025-06-23 05:15:49,1,2,2,2,8,2,16,17,17,17,-16.49776654,-68.13375393,81432433034
2025-06-23 05:30:49,2,2,2,2,8,2,20,20,20,20,-16.49776654,-68.13375393,81432433034
2025-06-23 05:45:49,2,2,2,2,8,2,22,22,22,22,-16.49776654,-68.13375393,81432433034
2025-06-23 06:00:49,2,2,2,2,8,2,25,25,25,25,-16.49776654,-68.13375393,81432433034
2025-06-23 06:15:49,5,5,5,5,21,5,54,54,54,54,-16.49776654,-68.13375393,81432433034
2025-06-23 06:30:49,4,4,4,4,17,4,47,47,47,47,-16.49776654,-68.13375393,81432433034
2025-06-23 06:45:49,5,5,5,5,21,5,52,52,52,52,-16.49776654,-68.13375393,81432433034
2025-06-23 07:00:49,6,7,7,7,29,6,71,71,72,72,-16.49776654,-68.13375393,81432433034
2025-06-23 07:15:49,5,5,5,5,21,5,52,52,52,52,-16.49776654,-68.13375393,81432433034
2025-06-23 07:30:49,5,5,5,5,21,5,56,56,56,56,-16.49776654,-68.13375393,81432433034
2025-06-23 07:45:49,6,6,6,6,25,6,65,65,65,65,-16.49776654,-68.13375393,81432433034
2025-06-23 08:00:49,6,6,6,6,25,6,66,67,67,67,-16.49776654,-68.13375393,81432433034
2025-06-23 08:15:49,5,5,5,5,21,5,52,52,52,52,-16.49776654,-68.13375393,81432433034
2025-06-23 08:30:49,4,5,5,5,21,5,45,45,45,45,-16.49776654,-68.13375393,81432433034
2025-06-23 08:45:49,3,3,3,3,13,3,30,30,30,30,-16.49776654,-68.13375393,81432433034
2025-06-23 09:00:49,3,3,3,3,13,3,27,27,27,27,-16.49776654,-68.13375393,81432433034
2025-06-23 09:15:49,3,3,3,3,13,3,27,27,27,27,-16.49776654,-68.13375393,81432433034
2025-06-23 09:30:49,3,3,3,3,13,3,26,26,26,26,-16.49776654,-68.13375393,81432433034
2025-06-23 09:45:49,2,3,3,3,13,3,23,23,23,23,-16.49776654,-68.13375393,81432433034
2025-06-23 10:00:49,3,3,4,4,13,4,30,31,31,31,-16.49776654,-68.13375393,81432433034
2025-06-23 10:15:49,5,5,5,5,21,5,43,43,43,43,-16.49776654,-68.13375393,81432433034
2025-06-23 10:30:49,3,4,4,4,17,4,30,31,31,31,-16.49776654,-68.13375393,81432433034
2025-06-23 10:45:49,4,4,4,4,17,4,32,32,32,32,-16.49776654,-68.13375393,81432433034
2025-06-23 11:00:49,3,4,4,4,17,4,29,29,29,29,-16.49776654,-68.13375393,81432433034
2025-06-23 11:15:49,3,3,3,3,13,3,27,27,27,27,-16.49776654,-68.13375393,81432433034
2025-06-23 11:30:49,3,3,4,4,13,4,27,28,28,28,-16.49776654,-68.13375393,81432433034
2025-06-23 11:45:49,4,5,5,5,21,5,36,37,37,37,-16.49776654,-68.13375393,81432433034
2025-06-23 12:00:49,1,1,1,1,4,1,8,8,8,8,-16.49776654,-68.13375393,81432433034
2025-06-23 12:15:49,2,2,2,2,8,2,14,14,14,14,-16.49776654,-68.13375393,81432433034
2025-06-23 12:30:49,1,1,1,1,4,1,10,10,10,10,-16.49776654,-68.13375393,81432433034
2025-06-23 12:45:49,1,1,1,1,4,1,9,9,9,9,-16.49776654,-68.13375393,81432433034
2025-06-23 13:00:49,1,1,1,1,4,1,8,8,8,8,-16.49776654,-68.13375393,81432433034
2025-06-23 13:15:49,1,1,1,1,4,1,9,9,9,9,-16.49776654,-68.13375393,81432433034
2025-06-23 13:30:49,1,1,1,1,4,1,9,9,9,9,-16.49776654,-68.13375393,81432433034
2025-06-23 13:45:49,1,1,1,1,4,1,8,8,8,8,-16.49776654,-68.13375393,81432433034
2025-06-23 14:00:49,2,2,2,3,8,3,16,16,16,16,-16.49776654,-68.13375393,81432433034
2025-06-23 14:15:49,1,1,1,1,4,1,8,8,8,8,-16.49776654,-68.13375393,81432433034
2025-06-23 14:30:49,1,1,1,1,4,1,8,8,8,8,-16.49776654,-68.13375393,81432433034
2025-06-23 14:45:49,1,1,1,1,4,1,9,9,9,9,-16.49776654,-68.13375393,81432433034
2025-06-23 15:00:49,1,1,1,1,4,1,7,7,7,7,-16.49776654,-68.13375393,81432433034
2025-06-23 15:15:49,1,1,1,1,4,1,11,11,11,11,-16.49776654,-68.13375393,81432433034
2025-06-23 15:30:49,1,1,1,1,4,1,7,7,7,7,-16.49776654,-68.13375393,81432433034
2025-06-23 15:45:49,1,1,1,1,4,1,7,7,7,7,-16.49776654,-68.13375393,81432433034
2025-06-23 16:00:49,1,1,1,1,4,1,11,11,11,11,-16.49776654,-68.13375393,81432433034
2025-06-23 16:15:49,1,1,1,1,4,1,9,9,9,9,-16.49776654,-68.13375393,81432433034
2025-06-23 16:30:49,1,1,1,1,4,1,11,11,11,11,-16.49776654,-68.13375393,81432433034
2025-06-23 16:45:49,1,1,1,1,4,1,9,9,9,9,-16.49776654,-68.13375393,81432433034
2025-06-23 17:00:49,1,1,1,1,4,1,13,13,13,13,-16.49776654,-68.13375393,81432433034
2025-06-23 17:15:49,2,2,2,2,8,2,21,21,21,21,-16.49776654,-68.13375393,81432433034
2025-06-23 17:30:49,2,2,2,2,8,2,22,22,22,22,-16.49776654,-68.13375393,81432433034
2025-06-23 17:45:49,2,2,3,3,8,3,23,23,23,23,-16.49776654,-68.13375393,81432433034
2025-06-23 18:00:49,3,3,4,4,13,4,33,33,33,33,-16.49776654,-68.13375393,81432433034
2025-06-23 18:15:49,4,4,4,4,17,4,38,38,38,38,-16.49776654,-68.13375393,81432433034
2025-06-23 18:30:49,4,4,4,4,17,4,39,39,39,39,-16.49776654,-68.13375393,81432433034
2025-06-23 18:45:49,4,4,4,4,17,4,39,39,39,39,-16.49776654,-68.13375393,81432433034
2025-06-23 19:00:49,4,5,5,5,21,5,47,47,47,47,-16.49776654,-68.13375393,81432433034
2025-06-23 19:15:49,5,5,5,5,21,5,53,53,53,53,-16.49776654,-68.13375393,81432433034
2025-06-23 19:30:49,6,7,7,7,29,6,65,66,66,66,-16.49776654,-68.13375393,81432433034
2025-06-23 19:45:49,7,8,8,8,33,7,79,79,79,79,-16.49776654,-68.13375393,81432433034
2025-06-23 20:00:49,8,8,8,8,33,7,84,84,84,84,-16.49776654,-68.13375393,81432433034
2025-06-23 20:15:49,9,9,9,9,38,8,91,91,91,91,-16.49776654,-68.13375393,81432433034
2025-06-23 20:30:49,9,9,9,9,38,8,91,91,91,91,-16.49776654,-68.13375393,81432433034
2025-06-23 20:45:49,8,9,9,9,38,8,89,90,90,90,-16.49776654,-68.13375393,81432433034
2025-06-23 21:00:49,8,8,8,8,33,7,85,86,86,86,-16.49776654,-68.13375393,81432433034
2025-06-23 21:15:49,9,9,9,9,38,8,91,92,92,92,-16.49776654,-68.13375393,81432433034
2025-06-23 21:30:49,8,8,8,8,33,7,82,83,83,83,-16.49776654,-68.13375393,81432433034
2025-06-23 21:45:49,7,8,8,8,33,7,78,79,79,79,-16.49776654,-68.13375393,81432433034
2025-06-23 22:00:49,9,9,9,9,38,8,94,94,94,94,-16.49776654,-68.13375393,81432433034
2025-06-23 22:15:49,10,11,11,11,46,10,111,111,111,111,-16.49776654,-68.13375393,81432433034
2025-06-23 22:30:49,9,10,10,10,42,9,102,102,102,102,-16.49776654,-68.13375393,81432433034
2025-06-23 22:45:49,8,8,8,8,33,7,86,87,87,87,-16.49776654,-68.13375393,81432433034
2025-06-23 23:00:49,8,9,9,9,38,8,89,90,90,90,-16.49776654,-68.13375393,81432433034
2025-06-23 23:15:49,9,9,9,9,38,8,94,94,94,94,-16.49776654,-68.13375393,81432433034
2025-06-23 23:30:49,9,10,10,10,42,9,99,99,99,99,-16.49776654,-68.13375393,81432433034
2025-06-23 23:45:49,12,13,13,13,53,12,127,128,128,128,-16.49776654,-68.13375393,81432433034
2025-06-24 00:00:49,9,10,10,10,42,9,97,98,98,98,-16.49776654,-68.13375393,81432433034
2025-06-24 00:15:49,9,9,9,9,38,8,91,91,91,91,-16.49776654,-68.13375393,81432433034
2025-06-24 00:30:49,9,9,9,9,38,8,93,94,94,94,-16.49776654,-68.13375393,81432433034
2025-06-24 00:45:49,12,12,12,12,50,11,123,124,124,124,-16.49776654,-68.13375393,81432433034
2025-06-24 01:00:49,9,10,10,10,42,9,101,102,102,102,-16.49776654,-68.13375393,81432433034
2025-06-24 01:15:49,8,9,9,9,38,8,90,91,91,91,-16.49776654,-68.13375393,81432433034
2025-06-24 01:30:49,10,11,11,11,46,10,106,106,107,107,-16.49776654,-68.13375393,81432433034
2025-06-24 01:45:49,11,12,12,12,50,11,117,118,118,118,-16.49776654,-68.13375393,81432433034
2025-06-24 02:00:49,13,14,14,14,55,13,139,139,140,140,-16.49776654,-68.13375393,81432433034
2025-06-24 02:15:49,13,14,14,14,55,13,142,142,142,142,-16.49776654,-68.13375393,81432433034
2025-06-24 02:30:49,12,13,13,13,53,12,133,134,134,134,-16.49776654,-68.13375393,81432433034
2025-06-24 02:45:49,11,12,12,12,50,11,121,121,121,121,-16.49776654,-68.13375393,81432433034
2025-06-24 03:00:49,9,10,10,10,42,9,102,102,102,102,-16.49776654,-68.13375393,81432433034
2025-06-24 03:15:49,8,9,9,9,38,8,91,92,92,92,-16.49776654,-68.13375393,81432433034
2025-06-24 03:30:49,7,8,8,8,33,7,82,83,83,83,-16.49776654,-68.13375393,81432433034
2025-06-24 03:45:49,7,7,8,8,29,7,77,78,78,78,-16.49776654,-68.13375393,81432433034
2025-06-24 04:00:49,7,8,8,8,33,7,83,84,84,84,-16.49776654,-68.13375393,81432433034
2025-06-24 04:15:49,7,8,8,8,33,7,81,81,81,81,-16.49776654,-68.13375393,81432433034
2025-06-24 04:30:49,8,8,8,9,33,8,88,88,88,88,-16.49776654,-68.13375393,81432433034
2025-06-24 04:45:49,9,9,10,10,38,9,98,99,99,99,-16.49776654,-68.13375393,81432433034
2025-06-24 05:00:49,9,10,10,10,42,9,101,102,102,102,-16.49776654,-68.13375393,81432433034
2025-06-24 05:15:49,10,11,11,11,46,10,111,112,112,112,-16.49776654,-68.13375393,81432433034
2025-06-24 05:30:49,9,10,10,10,42,9,104,104,104,104,-16.49776654,-68.13375393,81432433034
2025-06-24 05:45:49,10,11,11,11,46,10,112,112,112,112,-16.49776654,-68.13375393,81432433034
2025-06-24 06:00:49,10,11,11,11,46,10,111,112,112,112,-16.49776654,-68.13375393,81432433034
2025-06-24 06:15:49,10,11,11,11,46,10,114,114,114,114,-16.49776654,-68.13375393,81432433034
2025-06-24 06:30:49,11,11,11,11,46,10,118,119,119,119,-16.49776654,-68.13375393,81432433034
2025-06-24 06:45:49,12,13,13,13,53,12,136,137,137,137,-16.49776654,-68.13375393,81432433034
2025-06-24 07:00:49,12,12,12,12,50,11,130,131,131,131,-16.49776654,-68.13375393,81432433034
2025-06-24 07:15:49,11,12,12,12,50,11,125,126,126,126,-16.49776654,-68.13375393,81432433034
2025-06-24 07:30:49,12,13,13,13,53,12,139,140,140,140,-16.49776654,-68.13375393,81432433034
2025-06-24 07:45:49,13,14,14,14,55,13,143,144,144,144,-16.49776654,-68.13375393,81432433034
2025-06-24 08:00:49,15,16,16,16,59,15,170,170,170,170,-16.49776654,-68.13375393,81432433034
2025-06-24 08:15:49,18,20,20,20,68,19,197,198,198,198,-16.49776654,-68.13375393,81432433034
2025-06-24 08:30:49,18,19,19,19,66,18,183,184,184,184,-16.49776654,-68.13375393,81432433034
2025-06-24 08:45:49,18,19,19,19,66,18,180,180,180,180,-16.49776654,-68.13375393,81432433034
2025-06-24 09:00:49,17,19,19,19,66,18,174,175,175,175,-16.49776654,-68.13375393,81432433034
2025-06-24 09:15:49,18,19,19,19,66,18,177,178,178,178,-16.49776654,-68.13375393,81432433034
2025-06-24 09:30:49,17,19,19,19,66,18,172,173,173,173,-16.49776654,-68.13375393,81432433034
2025-06-24 09:45:49,17,18,18,18,63,17,164,164,164,164,-16.49776654,-68.13375393,81432433034
2025-06-24 10:00:49,16,17,17,17,61,16,150,151,151,151,-16.49776654,-68.13375393,81432433034
2025-06-24 10:15:49,16,17,17,17,61,16,155,156,156,156,-16.49776654,-68.13375393,81432433034
2025-06-24 10:30:49,17,18,18,18,63,17,160,161,161,161,-16.49776654,-68.13375393,81432433034
2025-06-24 10:45:49,16,17,17,17,61,16,154,154,155,155,-16.49776654,-68.13375393,81432433034
2025-06-24 11:00:49,15,16,16,16,59,15,143,144,144,144,-16.49776654,-68.13375393,81432433034
2025-06-24 11:15:49,15,16,16,16,59,15,139,140,140,140,-16.49776654,-68.13375393,81432433034
2025-06-24 11:30:49,15,16,16,16,59,15,138,139,139,139,-16.49776654,-68.13375393,81432433034
2025-06-24 11:45:49,14,15,15,15,57,14,130,130,130,130,-16.49776654,-68.13375393,81432433034
2025-06-24 12:00:49,14,15,15,15,57,14,130,130,130,130,-16.49776654,-68.13375393,81432433034
2025-06-24 12:15:49,15,16,16,16,59,15,137,137,137,137,-16.49776654,-68.13375393,81432433034
2025-06-24 12:30:49,15,16,16,16,59,15,133,134,134,134,-16.49776654,-68.13375393,81432433034
2025-06-24 12:45:49,15,16,16,16,59,15,131,131,132,132,-16.49776654,-68.13375393,81432433034
2025-06-24 13:00:49,14,14,14,14,55,13,120,120,120,120,-16.49776654,-68.13375393,81432433034
2025-06-24 13:15:49,13,14,14,14,55,13,113,113,113,113,-16.49776654,-68.13375393,81432433034
2025-06-24 13:30:49,11,12,12,12,50,11,100,101,101,101,-16.49776654,-68.13375393,81432433034
2025-06-24 13:45:49,11,12,12,12,50,11,103,103,103,103,-16.49776654,-68.13375393,81432433034
2025-06-24 14:00:49,9,10,10,10,42,9,86,86,86,86,-16.49776654,-68.13375393,81432433034
2025-06-24 14:15:49,8,9,9,9,38,8,82,82,82,82,-16.49776654,-68.13375393,81432433034
2025-06-24 14:30:49,8,8,8,8,33,7,75,75,75,75,-16.49776654,-68.13375393,81432433034
2025-06-24 14:45:49,7,7,7,7,29,6,64,65,65,65,-16.49776654,-68.13375393,81432433034
2025-06-24 15:00:49,7,8,8,8,33,7,72,72,72,72,-16.49776654,-68.13375393,81432433034
2025-06-24 15:15:49,6,6,6,6,25,6,58,58,58,58,-16.49776654,-68.13375393,81432433034
2025-06-24 15:30:49,5,6,6,6,25,6,52,52,52,52,-16.49776654,-68.13375393,81432433034
2025-06-24 15:45:49,7,7,7,7,29,6,66,66,66,66,-16.49776654,-68.13375393,81432433034
2025-06-24 16:00:49,7,7,7,7,29,6,65,65,65,65,-16.49776654,-68.13375393,81432433034
2025-06-24 16:15:49,5,5,5,5,21,5,46,46,46,46,-16.49776654,-68.13375393,81432433034
2025-06-24 16:30:49,5,5,5,5,21,5,46,46,46,46,-16.49776654,-68.13375393,81432433034
2025-06-24 16:45:49,4,5,5,5,21,5,43,44,44,44,-16.49776654,-68.13375393,81432433034
2025-06-24 17:00:49,4,5,5,5,21,5,44,44,44,44,-16.49776654,-68.13375393,81432433034
2025-06-24 17:15:49,4,5,5,5,21,5,44,44,44,44,-16.49776654,-68.13375393,81432433034
2025-06-24 17:30:49,4,5,5,5,21,5,46,46,46,46,-16.49776654,-68.13375393,81432433034
2025-06-24 17:45:49,4,5,5,5,21,5,44,44,44,44,-16.49776654,-68.13375393,81432433034
2025-06-24 18:00:49,4,5,5,5,21,5,45,45,45,45,-16.49776654,-68.13375393,81432433034
2025-06-24 18:15:49,4,5,5,5,21,5,45,45,45,45,-16.49776654,-68.13375393,81432433034
2025-06-24 18:30:49,4,4,4,4,17,4,39,39,39,39,-16.49776654,-68.13375393,81432433034
2025-06-24 18:45:49,4,4,4,4,17,4,38,39,39,39,-16.49776654,-68.13375393,81432433034
2025-06-24 19:00:49,3,4,4,4,17,4,36,36,36,36,-16.49776654,-68.13375393,81432433034
2025-06-24 19:15:49,4,5,5,5,21,5,45,45,45,45,-16.49776654,-68.13375393,81432433034
2025-06-24 19:30:49,3,3,4,4,13,4,34,35,35,35,-16.49776654,-68.13375393,81432433034
2025-06-24 19:45:49,3,4,4,4,17,4,35,35,35,35,-16.49776654,-68.13375393,81432433034
2025-06-24 20:00:49,3,3,4,4,13,4,35,35,35,35,-16.49776654,-68.13375393,81432433034
2025-06-24 20:15:49,3,3,3,3,13,3,32,32,32,32,-16.49776654,-68.13375393,81432433034
2025-06-24 20:30:49,3,3,3,3,13,3,32,32,32,32,-16.49776654,-68.13375393,81432433034
2025-06-24 20:45:49,3,4,4,4,17,4,36,36,36,36,-16.49776654,-68.13375393,81432433034
2025-06-24 21:00:49,4,4,4,4,17,4,42,42,42,42,-16.49776654,-68.13375393,81432433034
2025-06-24 21:15:49,4,4,4,4,17,4,41,41,41,41,-16.49776654,-68.13375393,81432433034
2025-06-24 21:30:49,4,4,4,4,17,4,40,40,40,40,-16.49776654,-68.13375393,81432433034
2025-06-24 21:45:49,5,5,5,5,21,5,48,48,48,48,-16.49776654,-68.13375393,81432433034
2025-06-24 22:00:49,5,5,5,5,21,5,52,52,52,52,-16.49776654,-68.13375393,81432433034
2025-06-24 22:15:49,4,5,5,5,21,5,45,46,46,46,-16.49776654,-68.13375393,81432433034
2025-06-24 22:30:49,4,5,5,5,21,5,47,48,48,48,-16.49776654,-68.13375393,81432433034
2025-06-24 22:45:49,5,6,6,6,25,6,57,58,58,58,-16.49776654,-68.13375393,81432433034
2025-06-24 23:00:49,6,6,6,6,25,6,64,64,64,64,-16.49776654,-68.13375393,81432433034
2025-06-24 23:15:49,4,5,5,5,21,5,48,48,48,48,-16.49776654,-68.13375393,81432433034
2025-06-24 23:30:49,4,4,4,4,17,4,43,43,43,43,-16.49776654,-68.13375393,81432433034
2025-06-24 23:45:49,4,4,4,4,17,4,46,46,46,46,-16.49776654,-68.13375393,81432433034
2025-06-25 00:00:49,5,5,5,5,21,5,52,52,52,52,-16.49776654,-68.13375393,81432433034
2025-06-25 00:15:49,5,5,5,5,21,5,54,54,54,54,-16.49776654,-68.13375393,81432433034
2025-06-25 00:30:49,5,5,5,5,21,5,51,51,51,51,-16.49776654,-68.13375393,81432433034
2025-06-25 00:45:49,5,5,5,5,21,5,52,52,52,52,-16.49776654,-68.13375393,81432433034
2025-06-25 01:00:49,5,6,6,6,25,6,57,57,58,58,-16.49776654,-68.13375393,81432433034
2025-06-25 01:15:49,5,6,6,6,25,6,60,60,60,60,-16.49776654,-68.13375393,81432433034
2025-06-25 01:30:49,5,6,6,6,25,6,58,58,58,58,-16.49776654,-68.13375393,81432433034
2025-06-25 01:45:49,5,6,6,6,25,6,59,59,60,60,-16.49776654,-68.13375393,81432433034
2025-06-25 02:00:49,5,6,6,6,25,6,60,60,60,60,-16.49776654,-68.13375393,81432433034
2025-06-25 02:15:49,6,6,6,6,25,6,62,62,62,62,-16.49776654,-68.13375393,81432433034
2025-06-25 02:30:49,5,5,6,6,21,6,57,57,57,57,-16.49776654,-68.13375393,81432433034
2025-06-25 02:45:49,5,6,6,6,25,6,58,59,59,59,-16.49776654,-68.13375393,81432433034
2025-06-25 03:00:49,6,6,6,6,25,6,65,65,65,65,-16.49776654,-68.13375393,81432433034
2025-06-25 03:15:49,6,6,6,6,25,6,63,63,64,64,-16.49776654,-68.13375393,81432433034
2025-06-25 03:30:49,6,6,6,6,25,6,63,63,63,63,-16.49776654,-68.13375393,81432433034
2025-06-25 03:45:49,4,4,4,4,17,4,45,45,45,45,-16.49776654,-68.13375393,81432433034
2025-06-25 04:00:49,4,4,4,4,17,4,40,40,40,40,-16.49776654,-68.13375393,81432433034
2025-06-25 04:15:49,3,3,3,3,13,3,35,36,36,36,-16.49776654,-68.13375393,81432433034
2025-06-25 04:30:49,3,4,4,4,17,4,39,39,39,39,-16.49776654,-68.13375393,81432433034
2025-06-25 04:45:49,4,4,4,4,17,4,41,41,41,41,-16.49776654,-68.13375393,81432433034
2025-06-25 05:00:49,4,4,4,4,17,4,41,42,42,42,-16.49776654,-68.13375393,81432433034
2025-06-25 05:15:49,4,4,4,4,17,4,44,44,44,44,-16.49776654,-68.13375393,81432433034
2025-06-25 05:30:49,4,5,5,5,21,5,47,48,48,48,-16.49776654,-68.13375393,81432433034
2025-06-25 05:45:49,5,5,5,5,21,5,52,52,52,52,-16.49776654,-68.13375393,81432433034
2025-06-25 06:00:49,5,5,5,5,21,5,58,58,58,58,-16.49776654,-68.13375393,81432433034
2025-06-25 06:15:49,6,6,6,6,25,6,67,67,67,67,-16.49776654,-68.13375393,81432433034
2025-06-25 06:30:49,6,6,6,6,25,6,66,66,66,66,-16.49776654,-68.13375393,81432433034
2025-06-25 06:45:49,8,8,8,8,33,7,86,86,86,86,-16.49776654,-68.13375393,81432433034
2025-06-25 07:00:49,7,8,8,8,33,7,81,82,82,82,-16.49776654,-68.13375393,81432433034
2025-06-25 07:15:49,8,8,8,8,33,7,86,86,86,87,-16.49776654,-68.13375393,81432433034
2025-06-25 07:30:49,9,10,10,10,42,9,101,101,101,101,-16.49776654,-68.13375393,81432433034
2025-06-25 07:45:49,9,10,10,10,42,9,100,100,100,100,-16.49776654,-68.13375393,81432433034
2025-06-25 08:00:49,9,10,10,10,42,9,100,100,100,100,-16.49776654,-68.13375393,81432433034
2025-06-25 08:15:49,8,9,9,9,38,8,88,89,89,89,-16.49776654,-68.13375393,81432433034
2025-06-25 08:30:49,8,8,8,8,33,7,79,79,79,79,-16.49776654,-68.13375393,81432433034
2025-06-25 08:45:49,8,8,8,8,33,7,80,81,81,81,-16.49776654,-68.13375393,81432433034
2025-06-25 09:00:49,8,8,8,8,33,7,78,79,79,79,-16.49776654,-68.13375393,81432433034
2025-06-25 09:15:49,7,7,7,7,29,6,69,69,69,69,-16.49776654,-68.13375393,81432433034
2025-06-25 09:30:49,7,7,7,7,29,6,68,68,68,68,-16.49776654,-68.13375393,81432433034
2025-06-25 09:45:49,8,8,8,8,33,7,77,77,77,77,-16.49776654,-68.13375393,81432433034
2025-06-25 10:00:49,6,7,7,7,29,6,61,61,61,61,-16.49776654,-68.13375393,81432433034
2025-06-25 10:15:49,6,6,6,6,25,6,54,55,55,55,-16.49776654,-68.13375393,81432433034
2025-06-25 10:30:49,1,1,1,1,4,1,12,12,12,12,-16.49776654,-68.13375393,81432433034
2025-06-25 10:45:49,1,2,2,2,8,2,13,14,14,14,-16.49776654,-68.13375393,81432433034
2025-06-25 11:00:49,1,1,1,1,4,1,9,9,9,9,-16.49776654,-68.13375393,81432433034
2025-06-25 11:15:49,2,2,2,2,8,2,16,16,16,16,-16.49776654,-68.13375393,81432433034
2025-06-25 11:30:49,1,1,1,1,4,1,9,9,9,9,-16.49776654,-68.13375393,81432433034
2025-06-25 11:45:49,1,1,1,1,4,1,11,11,11,11,-16.49776654,-68.13375393,81432433034
2025-06-25 12:00:49,2,2,2,2,8,2,15,15,15,15,-16.49776654,-68.13375393,81432433034
2025-06-25 12:15:49,1,2,2,2,8,2,14,14,14,14,-16.49776654,-68.13375393,81432433034
2025-06-25 12:30:49,1,1,1,1,4,1,12,12,12,12,-16.49776654,-68.13375393,81432433034
2025-06-25 12:45:49,1,1,1,1,4,1,10,10,10,10,-16.49776654,-68.13375393,81432433034
2025-06-25 13:00:49,2,2,2,2,8,2,15,15,15,15,-16.49776654,-68.13375393,81432433034
2025-06-25 13:15:49,2,3,3,3,13,3,22,22,22,22,-16.49776654,-68.13375393,81432433034
2025-06-25 13:30:49,1,1,1,1,4,1,10,10,10,10,-16.49776654,-68.13375393,81432433034
2025-06-25 13:45:49,1,1,1,1,4,1,9,9,9,9,-16.49776654,-68.13375393,81432433034
2025-06-25 14:00:49,1,1,1,1,4,1,10,10,10,10,-16.49776654,-68.13375393,81432433034
2025-06-25 14:15:49,2,2,2,2,8,2,20,20,20,20,-16.49776654,-68.13375393,81432433034
2025-06-25 14:30:49,1,1,1,1,4,1,12,12,12,12,-16.49776654,-68.13375393,81432433034
2025-06-25 14:45:49,2,2,2,2,8,2,16,16,16,16,-16.49776654,-68.13375393,81432433034
2025-06-25 15:00:49,1,1,1,1,4,1,12,12,12,12,-16.49776654,-68.13375393,81432433034
2025-06-25 15:15:49,1,1,1,1,4,1,11,11,11,11,-16.49776654,-68.13375393,81432433034
2025-06-25 15:30:49,1,1,1,1,4,1,13,13,13,13,-16.49776654,-68.13375393,81432433034
2025-06-25 15:45:49,1,1,1,1,4,1,10,10,10,10,-16.49776654,-68.13375393,81432433034
2025-06-25 16:00:49,1,1,1,1,4,1,11,11,11,11,-16.49776654,-68.13375393,81432433034
2025-06-25 16:15:49,1,1,1,1,4,1,11,11,11,11,-16.49776654,-68.13375393,81432433034
2025-06-25 16:30:49,1,2,2,2,8,2,14,14,14,14,-16.49776654,-68.13375393,81432433034
2025-06-25 16:45:49,1,1,1,1,4,1,11,11,11,11,-16.49776654,-68.13375393,81432433034
2025-06-25 17:00:49,2,2,2,2,8,2,16,16,16,16,-16.49776654,-68.13375393,81432433034
2025-06-25 17:15:49,2,2,2,2,8,2,16,16,16,16,-16.49776654,-68.13375393,81432433034
2025-06-25 17:30:49,2,2,2,2,8,2,21,21,21,21,-16.49776654,-68.13375393,81432433034
2025-06-25 17:45:49,3,3,3,3,13,3,26,26,26,26,-16.49776654,-68.13375393,81432433034
2025-06-25 18:00:49,2,2,2,2,8,2,19,19,19,19,-16.49776654,-68.13375393,81432433034
2025-06-25 18:15:49,2,2,2,2,8,2,16,16,16,16,-16.49776654,-68.13375393,81432433034
2025-06-25 18:30:49,3,3,3,3,13,3,28,28,28,28,-16.49776654,-68.13375393,81432433034
2025-06-25 18:45:49,3,4,4,4,17,4,34,34,34,34,-16.49776654,-68.13375393,81432433034
2025-06-25 19:00:49,3,3,3,3,13,3,28,28,28,28,-16.49776654,-68.13375393,81432433034
2025-06-25 19:15:49,3,3,3,3,13,3,28,28,28,28,-16.49776654,-68.13375393,81432433034
2025-06-25 19:30:49,2,3,3,3,13,3,25,25,25,25,-16.49776654,-68.13375393,81432433034
2025-06-25 19:45:49,7,8,8,8,33,7,74,74,74,74,-16.49776654,-68.13375393,81432433034
2025-06-25 20:00:49,2,2,2,2,8,2,23,23,23,23,-16.49776654,-68.13375393,81432433034
2025-06-25 20:15:49,2,2,2,2,8,2,22,22,22,22,-16.49776654,-68.13375393,81432433034
2025-06-25 20:30:49,2,3,3,3,13,3,26,26,26,26,-16.49776654,-68.13375393,81432433034
2025-06-25 20:45:49,3,3,3,3,13,3,30,30,30,30,-16.49776654,-68.13375393,81432433034
2025-06-25 21:00:49,3,3,3,3,13,3,27,27,27,27,-16.49776654,-68.13375393,81432433034
2025-06-25 21:15:49,1,1,2,2,4,2,14,15,15,15,-16.49776654,-68.13375393,81432433034
2025-06-25 21:30:49,2,2,2,2,8,2,17,17,17,17,-16.49776654,-68.13375393,81432433034
2025-06-25 21:45:49,2,2,2,2,8,2,18,18,18,18,-16.49776654,-68.13375393,81432433034
2025-06-25 22:00:49,2,2,2,2,8,2,19,19,19,19,-16.49776654,-68.13375393,81432433034
2025-06-25 22:15:49,2,2,2,2,8,2,17,17,18,18,-16.49776654,-68.13375393,81432433034
2025-06-25 22:30:49,1,1,2,2,4,2,14,14,14,14,-16.49776654,-68.13375393,81432433034
2025-06-25 22:45:49,1,1,1,1,4,1,12,12,12,12,-16.49776654,-68.13375393,81432433034
2025-06-25 23:00:49,1,1,1,1,4,1,12,12,12,12,-16.49776654,-68.13375393,81432433034
2025-06-25 23:15:49,1,1,1,1,4,1,14,14,14,14,-16.49776654,-68.13375393,81432433034
2025-06-25 23:30:49,2,2,2,2,8,2,16,16,16,16,-16.49776654,-68.13375393,81432433034
2025-06-25 23:45:49,1,1,2,2,4,2,14,14,14,14,-16.49776654,-68.13375393,81432433034
2025-06-26 00:00:49,2,2,2,2,8,2,20,20,20,20,-16.49776654,-68.13375393,81432433034
2025-06-26 00:15:49,2,2,2,2,8,2,22,22,22,22,-16.49776654,-68.13375393,81432433034
2025-06-26 00:30:49,2,2,2,2,8,2,23,23,23,23,-16.49776654,-68.13375393,81432433034
2025-06-26 00:45:49,2,2,2,2,8,2,20,20,20,20,-16.49776654,-68.13375393,81432433034
2025-06-26 01:00:49,2,2,2,2,8,2,19,19,20,20,-16.49776654,-68.13375393,81432433034
2025-06-26 01:15:49,2,2,2,2,8,2,22,22,22,22,-16.49776654,-68.13375393,81432433034
2025-06-26 01:30:49,2,2,2,2,8,2,20,20,20,20,-16.49776654,-68.13375393,81432433034
2025-06-26 01:45:49,2,2,2,2,8,2,20,20,20,20,-16.49776654,-68.13375393,81432433034
2025-06-26 02:00:49,2,2,2,2,8,2,18,18,18,18,-16.49776654,-68.13375393,81432433034
2025-06-26 02:15:49,2,2,2,2,8,2,22,22,22,22,-16.49776654,-68.13375393,81432433034
2025-06-26 02:30:49,2,2,2,2,8,2,21,21,21,21,-16.49776654,-68.13375393,81432433034
2025-06-26 02:45:49,2,2,2,2,8,2,23,23,23,23,-16.49776654,-68.13375393,81432433034
2025-06-26 03:00:49,2,2,2,2,8,2,24,24,24,24,-16.49776654,-68.13375393,81432433034
2025-06-26 03:15:49,2,2,2,2,8,2,25,25,25,25,-16.49776654,-68.13375393,81432433034
2025-06-26 03:30:49,2,2,2,2,8,2,23,23,23,23,-16.49776654,-68.13375393,81432433034
2025-06-26 03:45:49,2,2,2,2,8,2,24,24,24,24,-16.49776654,-68.13375393,81432433034
2025-06-26 04:00:49,2,2,2,2,8,2,24,24,24,24,-16.49776654,-68.13375393,81432433034
2025-06-26 04:15:49,1,1,1,1,4,1,13,13,13,13,-16.49776654,-68.13375393,81432433034
2025-06-26 04:30:49,1,1,1,1,4,1,13,13,13,13,-16.49776654,-68.13375393,81432433034
2025-06-26 04:45:49,1,1,1,1,4,1,12,12,12,12,-16.49776654,-68.13375393,81432433034
2025-06-26 05:00:49,1,1,1,1,4,1,13,13,13,13,-16.49776654,-68.13375393,81432433034
2025-06-26 05:15:49,1,1,1,1,4,1,12,12,12,12,-16.49776654,-68.13375393,81432433034
2025-06-26 05:30:49,1,1,1,1,4,1,13,13,13,13,-16.49776654,-68.13375393,81432433034
2025-06-26 05:45:49,1,1,1,1,4,1,13,13,13,13,-16.49776654,-68.13375393,81432433034
2025-06-26 06:00:49,1,1,1,1,4,1,14,14,14,14,-16.49776654,-68.13375393,81432433034
2025-06-26 06:15:49,1,2,2,2,8,2,16,16,16,16,-16.49776654,-68.13375393,81432433034
2025-06-26 06:30:49,1,1,1,1,4,1,14,15,15,15,-16.49776654,-68.13375393,81432433034
2025-06-26 06:45:49,2,2,2,2,8,2,19,19,19,19,-16.49776654,-68.13375393,81432433034
2025-06-26 07:00:49,2,2,2,2,8,2,23,23,23,23,-16.49776654,-68.13375393,81432433034
2025-06-26 07:15:49,2,3,3,3,13,3,27,27,27,27,-16.49776654,-68.13375393,81432433034
2025-06-26 07:30:49,28,30,31,31,89,29,308,310,310,310,-16.49776654,-68.13375393,81432433034
2025-06-26 07:45:49,3,3,3,3,13,3,28,28,28,28,-16.49776654,-68.13375393,81432433034
2025-06-26 08:00:49,3,3,3,3,13,3,30,30,30,30,-16.49776654,-68.13375393,81432433034
2025-06-26 08:15:49,3,4,4,4,17,4,35,35,35,35,-16.49776654,-68.13375393,81432433034
2025-06-26 08:30:49,4,4,4,4,17,4,41,41,41,41,-16.49776654,-68.13375393,81432433034
2025-06-26 08:45:49,2,2,2,2,8,2,20,20,20,20,-16.49776654,-68.13375393,81432433034
2025-06-26 09:00:49,1,1,1,1,4,1,12,12,12,12,-16.49776654,-68.13375393,81432433034
2025-06-26 09:15:49,1,1,1,1,4,1,10,10,10,10,-16.49776654,-68.13375393,81432433034
2025-06-26 09:30:49,1,1,1,1,4,1,12,12,12,12,-16.49776654,-68.13375393,81432433034
2025-06-26 09:45:49,1,2,2,2,8,2,14,14,14,14,-16.49776654,-68.13375393,81432433034
2025-06-26 10:00:49,1,1,1,1,4,1,11,11,11,11,-16.49776654,-68.13375393,81432433034
2025-06-26 10:15:49,2,2,2,2,8,2,14,14,14,14,-16.49776654,-68.13375393,81432433034
2025-06-26 10:30:49,1,1,1,1,4,1,9,9,9,9,-16.49776654,-68.13375393,81432433034
2025-06-26 10:45:49,1,1,1,1,4,1,9,10,10,10,-16.49776654,-68.13375393,81432433034
2025-06-26 11:00:49,1,1,1,1,4,1,10,10,10,10,-16.49776654,-68.13375393,81432433034
2025-06-26 11:15:49,1,1,1,1,4,1,9,9,9,9,-16.49776654,-68.13375393,81432433034
2025-06-26 11:30:49,1,1,1,1,4,1,8,8,8,8,-16.49776654,-68.13375393,81432433034
2025-06-26 11:59:07,1,1,1,1,4,1,8,8,8,8,-16.49776654,-68.13375393,81432433034
2025-06-26 12:14:07,1,1,1,1,4,1,11,11,11,11,-16.49776654,-68.13375393,81432433034
2025-06-26 12:29:07,1,1,1,1,4,1,9,9,9,9,-16.49776654,-68.13375393,81432433034
2025-06-26 12:44:07,1,1,1,1,4,1,9,9,9,9,-16.49776654,-68.13375393,81432433034
2025-06-26 12:59:07,1,1,1,1,4,1,8,8,8,8,-16.49776654,-68.13375393,81432433034
2025-06-26 13:14:07,1,1,1,1,4,1,9,9,9,9,-16.49776654,-68.13375393,81432433034
2025-06-26 13:29:07,1,1,1,1,4,1,8,8,8,8,-16.49776654,-68.13375393,81432433034
2025-06-26 13:44:07,1,1,1,1,4,1,9,9,9,9,-16.49776654,-68.13375393,81432433034
2025-06-26 13:59:07,1,1,1,1,4,1,9,9,9,9,-16.49776654,-68.13375393,81432433034
2025-06-26 14:14:07,1,1,1,1,4,1,12,12,12,12,-16.49776654,-68.13375393,81432433034
2025-06-26 14:29:07,1,1,1,1,4,1,11,11,11,11,-16.49776654,-68.13375393,81432433034
2025-06-26 14:44:07,1,1,1,1,4,1,13,13,13,13,-16.49776654,-68.13375393,81432433034
2025-06-26 14:59:07,1,1,1,1,4,1,10,10,10,10,-16.49776654,-68.13375393,81432433034
2025-06-26 15:14:07,1,1,1,1,4,1,9,9,9,9,-16.49776654,-68.13375393,81432433034
2025-06-26 15:29:07,1,1,1,1,4,1,9,9,9,9,-16.49776654,-68.13375393,81432433034
2025-06-26 15:44:07,1,1,1,1,4,1,10,10,10,10,-16.49776654,-68.13375393,81432433034
2025-06-26 15:59:07,1,1,1,1,4,1,10,10,10,10,-16.49776654,-68.13375393,81432433034
2025-06-26 16:14:07,1,1,1,1,4,1,9,9,9,9,-16.49776654,-68.13375393,81432433034
2025-06-26 16:29:07,1,1,1,1,4,1,10,10,10,10,-16.49776654,-68.13375393,81432433034
2025-06-26 16:44:07,1,1,1,1,4,1,9,9,9,9,-16.49776654,-68.13375393,81432433034
2025-07-01 15:26:27,1,1,1,1,4,1,8,8,8,8,-16.49776654,-68.13375393,81432433034
2025-07-01 15:41:27,1,1,1,1,4,1,6,7,7,7,-16.49776654,-68.13375393,81432433034
2025-07-01 15:56:27,1,1,1,1,4,1,7,7,7,7,-16.49776654,-68.13375393,81432433034
2025-07-01 16:28:19,1,1,1,1,4,1,11,11,11,11,-16.49776654,-68.13375393,81432433034
2025-07-01 16:43:19,1,1,1,1,4,1,10,11,11,11,-16.49776654,-68.13375393,81432433034
2025-07-01 16:58:19,1,1,1,1,4,1,10,10,10,10,-16.540026,-68.066387,81432433034
2025-07-01 17:13:19,1,1,1,1,4,1,9,9,9,9,-16.540026,-68.066387,81432433034
2025-07-01 17:28:19,1,1,1,1,4,1,9,9,9,9,-16.540026,-68.066387,81432433034
2025-07-01 17:43:19,1,1,1,1,4,1,8,8,8,8,-16.540026,-68.066387,81432433034
2025-07-01 17:58:19,1,1,1,1,4,1,8,8,8,8,-16.540026,-68.066387,81432433034
2025-07-01 18:13:19,1,1,1,1,4,1,8,8,8,8,-16.540026,-68.066387,81432433034
2025-07-01 18:28:19,1,1,1,1,4,1,8,8,9,9,-16.540026,-68.066387,81432433034
2025-07-01 18:43:19,1,1,1,1,4,1,8,8,8,8,-16.540026,-68.066387,81432433034
2025-07-01 18:58:19,1,1,1,1,4,1,8,8,8,8,-16.540026,-68.066387,81432433034
2025-07-01 19:13:19,1,1,1,1,4,1,8,8,8,8,-16.540026,-68.066387,81432433034
2025-07-01 19:28:19,1,1,1,1,4,1,8,8,8,8,-16.540026,-68.066387,81432433034
2025-07-01 19:43:19,1,1,1,1,4,1,8,8,8,8,-16.540026,-68.066387,81432433034
2025-07-01 19:58:19,1,1,1,1,4,1,7,7,7,7,-16.540026,-68.066387,81432433034
2025-07-01 20:13:19,1,1,1,1,4,1,7,7,7,7,-16.540026,-68.066387,81432433034
2025-07-01 20:28:19,1,1,1,1,4,1,8,8,8,8,-16.540026,-68.066387,81432433034
2025-07-01 20:43:19,1,1,1,1,4,1,7,7,7,7,-16.540026,-68.066387,81432433034
2025-07-01 20:58:19,1,1,1,1,4,1,8,8,8,8,-16.540026,-68.066387,81432433034
2025-07-01 21:13:19,1,1,1,1,4,1,8,8,8,8,-16.540026,-68.066387,81432433034
2025-07-01 21:28:19,1,1,1,1,4,1,7,7,7,7,-16.540026,-68.066387,81432433034
2025-07-01 21:43:19,1,1,1,1,4,1,8,8,8,8,-16.540026,-68.066387,81432433034
2025-07-01 21:58:19,1,1,1,1,4,1,8,8,8,8,-16.540026,-68.066387,81432433034
2025-07-01 22:13:19,1,1,1,1,4,1,7,8,8,8,-16.540026,-68.066387,81432433034
2025-07-01 22:28:19,1,1,1,1,4,1,7,7,7,7,-16.540026,-68.066387,81432433034
2025-07-01 22:43:19,1,1,1,1,4,1,7,7,7,7,-16.540026,-68.066387,81432433034
2025-07-01 22:58:19,1,1,1,1,4,1,7,7,7,7,-16.540026,-68.066387,81432433034
2025-07-01 23:13:19,1,1,1,1,4,1,7,7,7,7,-16.540026,-68.066387,81432433034
2025-07-01 23:28:19,1,1,1,1,4,1,7,7,7,7,-16.540026,-68.066387,81432433034
2025-07-01 23:43:19,1,1,1,1,4,1,7,7,7,7,-16.540026,-68.066387,81432433034
2025-07-01 23:58:19,1,1,1,1,4,1,6,6,6,6,-16.540026,-68.066387,81432433034
2025-07-02 00:13:19,1,1,1,1,4,1,5,5,5,5,-16.540026,-68.066387,81432433034
2025-07-02 00:28:19,1,1,1,1,4,1,6,6,6,6,-16.540026,-68.066387,81432433034
2025-07-02 00:43:19,1,1,1,1,4,1,6,6,6,6,-16.540026,-68.066387,81432433034
2025-07-02 00:58:19,1,1,1,1,4,1,6,6,6,6,-16.540026,-68.066387,81432433034
2025-07-02 01:13:19,1,1,1,1,4,1,5,6,6,6,-16.540026,-68.066387,81432433034
2025-07-02 01:28:19,1,1,1,1,4,1,5,5,5,5,-16.540026,-68.066387,81432433034
2025-07-02 01:43:19,1,1,1,1,4,1,5,5,5,5,-16.540026,-68.066387,81432433034
2025-07-02 01:58:19,1,1,1,1,4,1,5,5,5,5,-16.540026,-68.066387,81432433034
2025-07-02 02:13:19,0,1,1,1,4,1,5,5,5,5,-16.540026,-68.066387,81432433034
2025-07-02 02:28:19,0,1,1,1,4,1,5,5,5,5,-16.540026,-68.066387,81432433034
2025-07-02 02:43:19,1,1,1,1,4,1,5,5,5,5,-16.540026,-68.066387,81432433034
2025-07-02 02:58:19,1,1,1,1,4,1,5,5,5,5,-16.540026,-68.066387,81432433034
2025-07-02 03:13:19,1,1,1,1,4,1,5,5,5,5,-16.540026,-68.066387,81432433034
2025-07-02 03:28:19,1,1,1,1,4,1,5,5,5,5,-16.540026,-68.066387,81432433034
2025-07-02 03:43:19,1,1,1,1,4,1,5,5,5,5,-16.540026,-68.066387,81432433034
2025-07-02 03:58:19,1,1,1,1,4,1,6,6,6,6,-16.540026,-68.066387,81432433034
2025-07-02 04:13:19,1,1,1,1,4,1,7,7,7,7,-16.540026,-68.066387,81432433034
2025-07-02 04:28:19,1,1,1,1,4,1,7,7,7,7,-16.540026,-68.066387,81432433034
2025-07-02 04:43:19,1,1,1,1,4,1,8,8,8,8,-16.540026,-68.066387,81432433034
2025-07-02 04:58:19,1,1,1,1,4,1,9,9,9,9,-16.540026,-68.066387,81432433034
2025-07-02 05:13:19,1,1,1,1,4,1,10,10,10,10,-16.540026,-68.066387,81432433034
2025-07-02 05:28:19,1,1,1,1,4,1,10,10,10,10,-16.540026,-68.066387,81432433034
2025-07-02 05:43:19,1,1,1,1,4,1,10,10,10,10,-16.540026,-68.066387,81432433034
2025-07-02 05:58:19,1,1,1,1,4,1,11,11,11,11,-16.540026,-68.066387,81432433034
2025-07-02 06:13:19,1,1,1,1,4,1,11,11,11,11,-16.540026,-68.066387,81432433034
2025-07-02 06:28:19,1,1,1,1,4,1,11,11,11,11,-16.540026,-68.066387,81432433034
2025-07-02 06:43:19,1,1,1,1,4,1,11,11,11,11,-16.540026,-68.066387,81432433034
2025-07-02 06:58:19,1,1,1,1,4,1,12,12,12,12,-16.540026,-68.066387,81432433034
2025-07-02 07:13:19,1,1,1,1,4,1,11,12,12,12,-16.540026,-68.066387,81432433034
2025-07-02 07:28:19,2,2,2,2,8,2,16,16,16,16,-16.540026,-68.066387,81432433034
2025-07-03 10:28:59,1,2,2,2,8,2,15,15,15,15,-16.540026,-68.066387,81432433034
2025-07-03 10:43:59,1,1,1,1,4,1,12,12,12,12,-16.540026,-68.066387,81432433034
2025-07-03 10:58:59,1,1,1,1,4,1,10,10,10,10,-16.540026,-68.066387,81432433034
2025-07-03 11:13:59,1,1,1,1,4,1,8,8,8,8,-16.540026,-68.066387,81432433034
2025-07-03 11:28:59,1,1,1,1,4,1,8,8,8,8,-16.540026,-68.066387,81432433034
2025-07-03 11:43:59,1,1,1,1,4,1,8,8,8,8,-16.540026,-68.066387,81432433034
2025-07-03 11:58:59,1,1,1,1,4,1,7,7,7,7,-16.540026,-68.066387,81432433034
2025-07-03 12:13:59,1,1,1,1,4,1,7,7,7,7,-16.540026,-68.066387,81432433034
2025-07-03 12:28:59,1,1,1,1,4,1,9,9,9,9,-16.540026,-68.066387,81432433034
2025-07-03 12:43:59,1,1,1,1,4,1,9,9,9,9,-16.540026,-68.066387,81432433034
2025-07-03 12:58:59,1,1,1,1,4,1,10,10,10,10,-16.540026,-68.066387,81432433034
2025-07-03 13:13:59,1,1,1,1,4,1,11,11,11,11,-16.540026,-68.066387,81432433034
2025-07-03 13:28:59,1,1,1,1,4,1,10,10,10,10,-16.540026,-68.066387,81432433034
2025-07-03 13:43:59,1,1,1,1,4,1,9,9,9,9,-16.540026,-68.066387,81432433034
2025-07-03 13:58:59,1,1,1,1,4,1,8,8,8,8,-16.540026,-68.066387,81432433034
2025-07-03 14:13:59,1,1,1,1,4,1,8,8,8,8,-16.540026,-68.066387,81432433034
2025-07-03 14:28:59,1,1,1,1,4,1,8,8,8,8,-16.540026,-68.066387,81432433034
2025-07-03 14:43:59,1,1,1,1,4,1,7,7,7,7,-16.540026,-68.066387,81432433034
2025-07-03 14:58:59,1,1,1,1,4,1,7,7,7,7,-16.540026,-68.066387,81432433034
2025-07-03 15:13:59,1,1,1,1,4,1,6,6,6,6,-16.540026,-68.066387,81432433034
2025-07-03 15:28:59,0,1,1,1,4,1,5,5,5,5,-16.540026,-68.066387,81432433034
2025-07-03 15:43:59,0,1,1,1,4,1,5,5,5,5,-16.540026,-68.066387,81432433034
2025-07-03 15:58:59,0,0,1,1,0,1,4,4,4,4,-16.540026,-68.066387,81432433034
2025-07-03 16:13:59,0,0,0,0,0,0,3,3,3,3,-16.540026,-68.066387,81432433034
2025-07-03 16:28:59,0,0,0,0,0,0,3,3,3,3,-16.540026,-68.066387,81432433034
2025-07-03 16:43:59,0,0,0,0,0,0,2,2,2,2,-16.540026,-68.066387,81432433034
2025-07-03 16:58:59,0,0,0,0,0,0,2,2,2,2,-16.540026,-68.066387,81432433034
2025-07-03 17:13:59,0,0,0,0,0,0,2,2,2,2,-16.540026,-68.066387,81432433034
2025-07-03 17:28:59,0,0,0,0,0,0,2,2,2,2,-16.540026,-68.066387,81432433034
2025-07-03 17:43:59,0,0,0,0,0,0,2,2,2,2,-16.540026,-68.066387,81432433034
2025-07-03 17:58:59,0,0,0,0,0,0,2,2,2,2,-16.540026,-68.066387,81432433034
2025-07-03 18:13:59,0,0,0,1,0,1,3,3,3,3,-16.540026,-68.066387,81432433034
2025-07-03 18:28:59,0,0,1,1,0,1,4,4,4,4,-16.540026,-68.066387,81432433034
2025-07-03 18:43:59,0,0,0,1,0,1,3,3,3,3,-16.540026,-68.066387,81432433034
2025-07-03 18:58:59,0,0,0,1,0,1,3,4,4,4,-16.540026,-68.066387,81432433034
2025-07-03 19:13:59,0,0,0,0,0,0,3,3,3,3,-16.540026,-68.066387,81432433034
2025-07-03 19:28:59,0,0,0,0,0,0,3,4,4,4,-16.540026,-68.066387,81432433034
2025-07-03 19:43:59,1,1,1,1,4,1,5,5,5,5,-16.540026,-68.066387,81432433034
2025-07-03 19:58:59,1,1,1,1,4,1,9,9,9,9,-16.540026,-68.066387,81432433034
2025-07-03 20:13:59,1,1,1,1,4,1,12,12,12,12,-16.540026,-68.066387,81432433034
2025-07-03 20:28:59,1,2,2,2,8,2,14,14,14,14,-16.540026,-68.066387,81432433034
2025-07-03 20:43:59,2,2,2,2,8,2,17,17,17,17,-16.540026,-68.066387,81432433034
2025-07-03 20:58:59,2,2,2,2,8,2,18,18,18,18,-16.540026,-68.066387,81432433034
2025-07-03 21:13:59,2,2,2,2,8,2,20,21,21,21,-16.540026,-68.066387,81432433034
2025-07-03 21:28:59,2,3,3,3,13,3,24,24,24,24,-16.540026,-68.066387,81432433034
2025-07-03 21:43:59,3,3,3,3,13,3,25,25,25,25,-16.540026,-68.066387,81432433034
2025-07-03 21:58:59,3,3,3,3,13,3,25,26,26,26,-16.540026,-68.066387,81432433034
2025-07-03 22:13:59,3,3,3,3,13,3,27,27,27,27,-16.540026,-68.066387,81432433034
2025-07-03 22:28:59,3,3,3,3,13,3,27,27,27,27,-16.540026,-68.066387,81432433034
2025-07-03 22:43:59,3,3,3,3,13,3,27,28,28,28,-16.540026,-68.066387,81432433034
2025-07-03 22:58:59,3,3,4,4,13,4,30,30,30,30,-16.540026,-68.066387,81432433034
2025-07-03 23:13:59,3,3,3,3,13,3,27,27,28,28,-16.540026,-68.066387,81432433034
2025-07-03 23:28:59,3,3,3,3,13,3,24,24,24,24,-16.540026,-68.066387,81432433034
2025-07-03 23:43:59,2,3,3,3,13,3,23,23,23,23,-16.540026,-68.066387,81432433034
2025-07-03 23:58:59,2,2,3,3,8,3,22,22,22,22,-16.540026,-68.066387,81432433034
2025-07-04 00:13:59,2,2,2,3,8,3,21,21,21,21,-16.540026,-68.066387,81432433034
2025-07-04 00:28:59,2,2,2,2,8,2,20,20,20,20,-16.540026,-68.066387,81432433034
2025-07-04 00:43:59,2,2,2,2,8,2,19,19,19,19,-16.540026,-68.066387,81432433034
2025-07-04 00:58:59,2,2,2,2,8,2,19,19,19,19,-16.540026,-68.066387,81432433034
2025-07-04 01:13:59,2,2,2,2,8,2,18,18,18,18,-16.540026,-68.066387,81432433034
2025-07-04 01:28:59,2,2,2,2,8,2,18,18,18,18,-16.540026,-68.066387,81432433034
2025-07-04 01:43:59,2,2,2,2,8,2,18,19,19,19,-16.540026,-68.066387,81432433034
2025-07-04 01:58:59,2,2,2,2,8,2,18,18,18,18,-16.540026,-68.066387,81432433034
2025-07-04 02:13:59,2,2,2,2,8,2,18,18,18,18,-16.540026,-68.066387,81432433034
2025-07-04 02:28:59,2,2,2,2,8,2,17,17,17,17,-16.540026,-68.066387,81432433034
2025-07-04 02:43:59,2,2,2,2,8,2,17,17,17,17,-16.540026,-68.066387,81432433034
2025-07-04 02:58:59,2,2,2,2,8,2,15,16,16,16,-16.540026,-68.066387,81432433034
2025-07-04 03:13:59,2,2,2,2,8,2,15,15,15,15,-16.540026,-68.066387,81432433034
2025-07-04 03:28:59,1,1,1,2,4,2,13,13,13,13,-16.540026,-68.066387,81432433034
2025-07-04 03:43:59,1,1,1,1,4,1,13,13,13,13,-16.540026,-68.066387,81432433034
2025-07-04 03:58:59,1,1,1,1,4,1,11,12,12,12,-16.540026,-68.066387,81432433034
2025-07-04 04:13:59,1,1,1,1,4,1,11,11,11,11,-16.540026,-68.066387,81432433034
2025-07-04 04:28:59,1,1,1,1,4,1,11,11,11,11,-16.540026,-68.066387,81432433034
2025-07-04 04:43:59,1,1,1,1,4,1,11,11,11,11,-16.540026,-68.066387,81432433034
2025-07-04 04:58:59,1,1,1,1,4,1,10,10,10,10,-16.540026,-68.066387,81432433034
2025-07-04 05:13:59,1,1,1,1,4,1,9,9,9,9,-16.540026,-68.066387,81432433034
2025-07-04 05:28:59,1,1,1,1,4,1,9,9,9,9,-16.540026,-68.066387,81432433034
2025-07-04 05:43:59,1,1,1,1,4,1,8,8,8,8,-16.540026,-68.066387,81432433034
2025-07-04 05:58:59,1,1,1,1,4,1,8,8,8,8,-16.540026,-68.066387,81432433034
2025-07-04 06:13:59,1,1,1,1,4,1,8,8,8,8,-16.540026,-68.066387,81432433034
2025-07-04 06:28:59,1,1,1,1,4,1,8,8,8,8,-16.540026,-68.066387,81432433034
2025-07-04 06:43:59,1,1,1,1,4,1,8,8,8,8,-16.540026,-68.066387,81432433034
2025-07-04 06:58:59,1,1,1,1,4,1,8,8,8,8,-16.540026,-68.066387,81432433034
2025-07-04 07:13:59,1,1,1,1,4,1,10,10,10,10,-16.540026,-68.066387,81432433034
2025-07-04 07:28:59,1,1,1,1,4,1,11,11,11,11,-16.540026,-68.066387,81432433034
2025-07-04 07:43:59,2,2,2,3,8,3,17,18,18,18,-16.540026,-68.066387,81432433034
2025-07-04 07:58:59,3,3,4,4,13,4,25,26,26,26,-16.540026,-68.066387,81432433034
2025-07-04 08:13:59,3,4,4,4,17,4,28,29,29,29,-16.540026,-68.066387,81432433034
2025-07-04 08:28:59,3,3,4,4,13,4,25,26,26,26,-16.540026,-68.066387,81432433034
2025-07-04 08:43:59,2,3,3,3,13,3,23,23,24,24,-16.540026,-68.066387,81432433034
2025-07-04 08:58:59,2,3,3,3,13,3,22,22,22,22,-16.540026,-68.066387,81432433034
2025-07-04 09:13:59,2,2,2,3,8,3,20,20,20,20,-16.540026,-68.066387,81432433034
2025-07-04 09:28:59,2,2,2,2,8,2,18,18,18,18,-16.540026,-68.066387,81432433034
2025-07-04 09:43:59,2,2,2,2,8,2,17,17,17,17,-16.540026,-68.066387,81432433034
2025-07-10 10:02:11,5,5,5,6,21,6,48,48,48,48,-16.540026,-68.066387,81432433034
2025-07-10 10:17:11,4,5,5,5,21,5,42,42,42,42,-16.540026,-68.066387,81432433034
2025-07-14 14:08:14,1,2,2,2,8,2,14,14,14,14,-16.540026,-68.066387,81432433034
2025-07-14 14:23:14,1,1,1,1,4,1,13,13,13,13,-16.540026,-68.066387,81432433034
2025-07-14 14:38:14,1,1,1,1,4,1,13,13,13,13,-16.540026,-68.066387,81432433034
2025-07-14 14:53:14,1,1,1,2,4,2,14,14,14,14,-16.540026,-68.066387,81432433034
2025-07-14 15:08:14,2,2,2,2,8,2,15,15,15,15,-16.540026,-68.066387,81432433034
2025-07-14 15:23:14,2,2,2,2,8,2,15,15,15,15,-16.540026,-68.066387,81432433034
2025-07-14 15:38:14,2,2,2,2,8,2,15,15,15,15,-16.540026,-68.066387,81432433034
2025-07-14 15:53:14,2,2,2,2,8,2,16,16,16,16,-16.540026,-68.066387,81432433034
2025-07-14 16:08:14,2,2,2,2,8,2,15,16,16,16,-16.540026,-68.066387,81432433034
2025-07-14 16:23:14,2,2,2,2,8,2,17,17,17,17,-16.540026,-68.066387,81432433034
2025-07-14 16:38:14,2,2,2,2,8,2,17,17,17,17,-16.540026,-68.066387,81432433034
2025-07-14 16:53:14,2,2,2,2,8,2,17,18,18,18,-16.540026,-68.066387,81432433034
2025-07-14 17:08:14,2,2,2,2,8,2,18,19,19,19,-16.540026,-68.066387,81432433034
2025-07-14 17:23:14,2,2,2,2,8,2,18,19,19,19,-16.540026,-68.066387,81432433034
2025-07-14 17:38:14,2,2,2,2,8,2,19,19,19,19,-16.540026,-68.066387,81432433034
2025-07-14 17:53:14,2,2,2,2,8,2,18,19,19,19,-16.540026,-68.066387,81432433034
2025-07-14 18:08:14,2,2,2,2,8,2,19,19,19,19,-16.540026,-68.066387,81432433034
2025-07-14 18:23:14,2,2,2,2,8,2,20,20,20,20,-16.540026,-68.066387,81432433034
2025-07-14 18:38:14,2,2,2,2,8,2,19,19,19,19,-16.540026,-68.066387,81432433034
2025-07-14 18:53:14,2,2,2,2,8,2,20,20,21,21,-16.540026,-68.066387,81432433034
2025-07-14 19:08:14,2,2,2,2,8,2,20,20,20,20,-16.540026,-68.066387,81432433034
2025-07-14 19:23:14,2,2,2,2,8,2,19,19,19,19,-16.540026,-68.066387,81432433034
2025-07-14 19:38:14,2,2,2,2,8,2,20,20,20,20,-16.540026,-68.066387,81432433034
2025-07-14 19:53:14,2,2,2,2,8,2,20,20,20,20,-16.540026,-68.066387,81432433034
2025-07-14 20:08:14,2,2,2,2,8,2,20,20,20,20,-16.540026,-68.066387,81432433034
2025-07-14 20:23:14,2,2,2,2,8,2,20,20,20,20,-16.540026,-68.066387,81432433034
2025-07-14 20:38:14,2,2,2,2,8,2,21,21,21,21,-16.540026,-68.066387,81432433034
